,activation,batch_size,data_directory,data_name,features,input_keep_prob,layers_units,learning_rate,num_epochs,optimizer,output_keep_prob,patience,rnn_unit_type,sliding_decoder,sliding_encoder,state_keep_prob,variational_recurrent
0,tanh,8,./data/,data_resource_usage_5Minutes_6176858948,"[['meanCPUUsage'], ['meanCPUUsage']]",1.0,"[16, 4]",0.005,2000,adam,0.95,20,gru,4,18,0.95,True
1,relu,8,./data/,data_resource_usage_5Minutes_6176858948,"[['meanCPUUsage'], ['meanCPUUsage']]",1.0,"[16, 4]",0.005,2000,rmsprop,0.95,20,lstm,2,18,0.95,True
2,tanh,16,./data/,data_resource_usage_5Minutes_6176858948,"[['meanCPUUsage'], ['meanCPUUsage']]",1.0,"[16, 4]",0.005,2000,adam,0.95,20,lstm,2,24,0.95,True
3,tanh,32,./data/,data_resource_usage_5Minutes_6176858948,"[['meanCPUUsage'], ['meanCPUUsage']]",1.0,"[16, 4]",0.005,2000,adam,0.95,20,lstm,4,24,0.95,True
4,relu,16,./data/,data_resource_usage_5Minutes_6176858948,"[['meanCPUUsage'], ['meanCPUUsage']]",1.0,"[64, 4]",0.005,2000,rmsprop,0.95,20,lstm,4,18,0.95,True
5,tanh,8,./data/,data_resource_usage_5Minutes_6176858948,"[['meanCPUUsage'], ['meanCPUUsage']]",1.0,"[16, 4]",0.005,2000,rmsprop,0.95,20,lstm,4,24,0.95,True
6,relu,32,./data/,data_resource_usage_5Minutes_6176858948,"[['meanCPUUsage'], ['meanCPUUsage']]",1.0,"[64, 4]",0.005,2000,adam,0.95,20,lstm,2,24,0.95,True
7,sigmoid,8,./data/,data_resource_usage_5Minutes_6176858948,"[['meanCPUUsage'], ['meanCPUUsage']]",1.0,"[16, 4]",0.005,2000,rmsprop,0.95,20,lstm,4,18,0.95,True
8,tanh,16,./data/,data_resource_usage_5Minutes_6176858948,"[['meanCPUUsage'], ['meanCPUUsage']]",1.0,"[16, 4]",0.005,2000,rmsprop,0.95,20,gru,2,24,0.95,True
9,sigmoid,32,./data/,data_resource_usage_5Minutes_6176858948,"[['meanCPUUsage'], ['meanCPUUsage']]",1.0,"[64, 4]",0.005,2000,adam,0.95,20,gru,4,24,0.95,True
10,tanh,32,./data/,data_resource_usage_5Minutes_6176858948,"[['meanCPUUsage'], ['meanCPUUsage']]",1.0,"[16, 4]",0.005,2000,rmsprop,0.95,20,gru,2,18,0.95,True
11,tanh,32,./data/,data_resource_usage_5Minutes_6176858948,"[['meanCPUUsage'], ['meanCPUUsage']]",1.0,"[16, 4]",0.005,2000,adam,0.95,20,gru,2,24,0.95,True
12,tanh,32,./data/,data_resource_usage_5Minutes_6176858948,"[['meanCPUUsage'], ['meanCPUUsage']]",1.0,"[32, 4]",0.005,2000,rmsprop,0.95,20,gru,4,24,0.95,True
13,tanh,32,./data/,data_resource_usage_5Minutes_6176858948,"[['meanCPUUsage'], ['meanCPUUsage']]",1.0,"[16, 4]",0.005,2000,rmsprop,0.95,20,gru,4,24,0.95,True
14,tanh,32,./data/,data_resource_usage_5Minutes_6176858948,"[['meanCPUUsage'], ['meanCPUUsage']]",1.0,"[16, 4]",0.005,2000,adam,0.95,20,lstm,4,18,0.95,True
15,sigmoid,16,./data/,data_resource_usage_5Minutes_6176858948,"[['meanCPUUsage'], ['meanCPUUsage']]",1.0,"[16, 4]",0.005,2000,rmsprop,0.95,20,gru,2,18,0.95,True
16,tanh,16,./data/,data_resource_usage_5Minutes_6176858948,"[['meanCPUUsage'], ['meanCPUUsage']]",1.0,"[64, 4]",0.005,2000,rmsprop,0.95,20,gru,2,24,0.95,True
17,sigmoid,8,./data/,data_resource_usage_5Minutes_6176858948,"[['meanCPUUsage'], ['meanCPUUsage']]",1.0,"[32, 4]",0.005,2000,rmsprop,0.95,20,lstm,2,24,0.95,True
18,sigmoid,8,./data/,data_resource_usage_5Minutes_6176858948,"[['meanCPUUsage'], ['meanCPUUsage']]",1.0,"[16, 4]",0.005,2000,adam,0.95,20,lstm,2,18,0.95,True
19,relu,16,./data/,data_resource_usage_5Minutes_6176858948,"[['meanCPUUsage'], ['meanCPUUsage']]",1.0,"[16, 4]",0.005,2000,rmsprop,0.95,20,lstm,4,18,0.95,True
20,tanh,8,./data/,data_resource_usage_5Minutes_6176858948,"[['meanCPUUsage'], ['meanCPUUsage']]",1.0,"[64, 4]",0.005,2000,adam,0.95,20,lstm,4,18,0.95,True
21,sigmoid,8,./data/,data_resource_usage_5Minutes_6176858948,"[['meanCPUUsage'], ['meanCPUUsage']]",1.0,"[32, 4]",0.005,2000,rmsprop,0.95,20,lstm,4,18,0.95,True
22,sigmoid,32,./data/,data_resource_usage_5Minutes_6176858948,"[['meanCPUUsage'], ['meanCPUUsage']]",1.0,"[64, 4]",0.005,2000,adam,0.95,20,lstm,4,18,0.95,True
23,sigmoid,16,./data/,data_resource_usage_5Minutes_6176858948,"[['meanCPUUsage'], ['meanCPUUsage']]",1.0,"[16, 4]",0.005,2000,adam,0.95,20,lstm,4,24,0.95,True
24,sigmoid,16,./data/,data_resource_usage_5Minutes_6176858948,"[['meanCPUUsage'], ['meanCPUUsage']]",1.0,"[64, 4]",0.005,2000,adam,0.95,20,gru,4,24,0.95,True
25,sigmoid,32,./data/,data_resource_usage_5Minutes_6176858948,"[['meanCPUUsage'], ['meanCPUUsage']]",1.0,"[32, 4]",0.005,2000,rmsprop,0.95,20,gru,2,24,0.95,True
26,tanh,8,./data/,data_resource_usage_5Minutes_6176858948,"[['meanCPUUsage'], ['meanCPUUsage']]",1.0,"[32, 4]",0.005,2000,adam,0.95,20,gru,4,18,0.95,True
27,tanh,16,./data/,data_resource_usage_5Minutes_6176858948,"[['meanCPUUsage'], ['meanCPUUsage']]",1.0,"[64, 4]",0.005,2000,adam,0.95,20,lstm,2,24,0.95,True
28,sigmoid,16,./data/,data_resource_usage_5Minutes_6176858948,"[['meanCPUUsage'], ['meanCPUUsage']]",1.0,"[32, 4]",0.005,2000,adam,0.95,20,lstm,4,18,0.95,True
29,relu,32,./data/,data_resource_usage_5Minutes_6176858948,"[['meanCPUUsage'], ['meanCPUUsage']]",1.0,"[32, 4]",0.005,2000,rmsprop,0.95,20,gru,2,18,0.95,True
30,relu,8,./data/,data_resource_usage_5Minutes_6176858948,"[['meanCPUUsage'], ['meanCPUUsage']]",1.0,"[32, 4]",0.005,2000,adam,0.95,20,lstm,4,24,0.95,True
31,relu,32,./data/,data_resource_usage_5Minutes_6176858948,"[['meanCPUUsage'], ['meanCPUUsage']]",1.0,"[16, 4]",0.005,2000,rmsprop,0.95,20,gru,2,18,0.95,True
32,tanh,8,./data/,data_resource_usage_5Minutes_6176858948,"[['meanCPUUsage'], ['meanCPUUsage']]",1.0,"[16, 4]",0.005,2000,rmsprop,0.95,20,gru,2,24,0.95,True
33,relu,32,./data/,data_resource_usage_5Minutes_6176858948,"[['meanCPUUsage'], ['meanCPUUsage']]",1.0,"[32, 4]",0.005,2000,adam,0.95,20,lstm,2,18,0.95,True
34,tanh,16,./data/,data_resource_usage_5Minutes_6176858948,"[['meanCPUUsage'], ['meanCPUUsage']]",1.0,"[16, 4]",0.005,2000,adam,0.95,20,lstm,4,24,0.95,True
35,sigmoid,8,./data/,data_resource_usage_5Minutes_6176858948,"[['meanCPUUsage'], ['meanCPUUsage']]",1.0,"[32, 4]",0.005,2000,rmsprop,0.95,20,lstm,2,18,0.95,True
36,sigmoid,16,./data/,data_resource_usage_5Minutes_6176858948,"[['meanCPUUsage'], ['meanCPUUsage']]",1.0,"[32, 4]",0.005,2000,rmsprop,0.95,20,gru,2,18,0.95,True
37,tanh,16,./data/,data_resource_usage_5Minutes_6176858948,"[['meanCPUUsage'], ['meanCPUUsage']]",1.0,"[64, 4]",0.005,2000,adam,0.95,20,gru,4,24,0.95,True
38,tanh,32,./data/,data_resource_usage_5Minutes_6176858948,"[['meanCPUUsage'], ['meanCPUUsage']]",1.0,"[64, 4]",0.005,2000,adam,0.95,20,lstm,4,18,0.95,True
39,sigmoid,16,./data/,data_resource_usage_5Minutes_6176858948,"[['meanCPUUsage'], ['meanCPUUsage']]",1.0,"[64, 4]",0.005,2000,rmsprop,0.95,20,gru,4,24,0.95,True
40,relu,16,./data/,data_resource_usage_5Minutes_6176858948,"[['meanCPUUsage'], ['meanCPUUsage']]",1.0,"[64, 4]",0.005,2000,adam,0.95,20,gru,2,24,0.95,True
41,sigmoid,16,./data/,data_resource_usage_5Minutes_6176858948,"[['meanCPUUsage'], ['meanCPUUsage']]",1.0,"[32, 4]",0.005,2000,rmsprop,0.95,20,lstm,2,24,0.95,True
42,sigmoid,16,./data/,data_resource_usage_5Minutes_6176858948,"[['meanCPUUsage'], ['meanCPUUsage']]",1.0,"[16, 4]",0.005,2000,adam,0.95,20,gru,4,24,0.95,True
43,tanh,8,./data/,data_resource_usage_5Minutes_6176858948,"[['meanCPUUsage'], ['meanCPUUsage']]",1.0,"[16, 4]",0.005,2000,rmsprop,0.95,20,gru,2,18,0.95,True
44,sigmoid,8,./data/,data_resource_usage_5Minutes_6176858948,"[['meanCPUUsage'], ['meanCPUUsage']]",1.0,"[64, 4]",0.005,2000,rmsprop,0.95,20,lstm,2,18,0.95,True
45,relu,32,./data/,data_resource_usage_5Minutes_6176858948,"[['meanCPUUsage'], ['meanCPUUsage']]",1.0,"[16, 4]",0.005,2000,rmsprop,0.95,20,lstm,2,18,0.95,True
46,sigmoid,8,./data/,data_resource_usage_5Minutes_6176858948,"[['meanCPUUsage'], ['meanCPUUsage']]",1.0,"[32, 4]",0.005,2000,adam,0.95,20,lstm,2,24,0.95,True
47,sigmoid,32,./data/,data_resource_usage_5Minutes_6176858948,"[['meanCPUUsage'], ['meanCPUUsage']]",1.0,"[32, 4]",0.005,2000,adam,0.95,20,lstm,4,18,0.95,True
48,tanh,32,./data/,data_resource_usage_5Minutes_6176858948,"[['meanCPUUsage'], ['meanCPUUsage']]",1.0,"[32, 4]",0.005,2000,adam,0.95,20,gru,4,18,0.95,True
49,tanh,32,./data/,data_resource_usage_5Minutes_6176858948,"[['meanCPUUsage'], ['meanCPUUsage']]",1.0,"[64, 4]",0.005,2000,rmsprop,0.95,20,gru,2,24,0.95,True
50,tanh,8,./data/,data_resource_usage_5Minutes_6176858948,"[['meanCPUUsage'], ['meanCPUUsage']]",1.0,"[16, 4]",0.005,2000,adam,0.95,20,lstm,2,18,0.95,True
51,tanh,32,./data/,data_resource_usage_5Minutes_6176858948,"[['meanCPUUsage'], ['meanCPUUsage']]",1.0,"[64, 4]",0.005,2000,rmsprop,0.95,20,lstm,4,18,0.95,True
52,sigmoid,8,./data/,data_resource_usage_5Minutes_6176858948,"[['meanCPUUsage'], ['meanCPUUsage']]",1.0,"[32, 4]",0.005,2000,adam,0.95,20,gru,4,24,0.95,True
53,relu,8,./data/,data_resource_usage_5Minutes_6176858948,"[['meanCPUUsage'], ['meanCPUUsage']]",1.0,"[16, 4]",0.005,2000,rmsprop,0.95,20,gru,4,24,0.95,True
54,relu,32,./data/,data_resource_usage_5Minutes_6176858948,"[['meanCPUUsage'], ['meanCPUUsage']]",1.0,"[64, 4]",0.005,2000,adam,0.95,20,lstm,4,18,0.95,True
55,tanh,16,./data/,data_resource_usage_5Minutes_6176858948,"[['meanCPUUsage'], ['meanCPUUsage']]",1.0,"[16, 4]",0.005,2000,adam,0.95,20,gru,2,24,0.95,True
56,sigmoid,32,./data/,data_resource_usage_5Minutes_6176858948,"[['meanCPUUsage'], ['meanCPUUsage']]",1.0,"[16, 4]",0.005,2000,adam,0.95,20,gru,2,18,0.95,True
57,relu,8,./data/,data_resource_usage_5Minutes_6176858948,"[['meanCPUUsage'], ['meanCPUUsage']]",1.0,"[64, 4]",0.005,2000,adam,0.95,20,lstm,2,18,0.95,True
58,relu,8,./data/,data_resource_usage_5Minutes_6176858948,"[['meanCPUUsage'], ['meanCPUUsage']]",1.0,"[64, 4]",0.005,2000,rmsprop,0.95,20,lstm,2,18,0.95,True
59,tanh,16,./data/,data_resource_usage_5Minutes_6176858948,"[['meanCPUUsage'], ['meanCPUUsage']]",1.0,"[32, 4]",0.005,2000,adam,0.95,20,lstm,4,18,0.95,True
60,tanh,16,./data/,data_resource_usage_5Minutes_6176858948,"[['meanCPUUsage'], ['meanCPUUsage']]",1.0,"[32, 4]",0.005,2000,rmsprop,0.95,20,gru,4,24,0.95,True
61,tanh,16,./data/,data_resource_usage_5Minutes_6176858948,"[['meanCPUUsage'], ['meanCPUUsage']]",1.0,"[16, 4]",0.005,2000,rmsprop,0.95,20,lstm,2,24,0.95,True
62,relu,16,./data/,data_resource_usage_5Minutes_6176858948,"[['meanCPUUsage'], ['meanCPUUsage']]",1.0,"[64, 4]",0.005,2000,rmsprop,0.95,20,lstm,4,24,0.95,True
63,relu,8,./data/,data_resource_usage_5Minutes_6176858948,"[['meanCPUUsage'], ['meanCPUUsage']]",1.0,"[16, 4]",0.005,2000,adam,0.95,20,lstm,4,18,0.95,True
64,tanh,8,./data/,data_resource_usage_5Minutes_6176858948,"[['meanCPUUsage'], ['meanCPUUsage']]",1.0,"[64, 4]",0.005,2000,rmsprop,0.95,20,lstm,4,18,0.95,True
65,tanh,32,./data/,data_resource_usage_5Minutes_6176858948,"[['meanCPUUsage'], ['meanCPUUsage']]",1.0,"[32, 4]",0.005,2000,rmsprop,0.95,20,gru,4,18,0.95,True
66,sigmoid,8,./data/,data_resource_usage_5Minutes_6176858948,"[['meanCPUUsage'], ['meanCPUUsage']]",1.0,"[16, 4]",0.005,2000,adam,0.95,20,lstm,4,24,0.95,True
67,relu,32,./data/,data_resource_usage_5Minutes_6176858948,"[['meanCPUUsage'], ['meanCPUUsage']]",1.0,"[64, 4]",0.005,2000,rmsprop,0.95,20,gru,4,18,0.95,True
68,tanh,8,./data/,data_resource_usage_5Minutes_6176858948,"[['meanCPUUsage'], ['meanCPUUsage']]",1.0,"[16, 4]",0.005,2000,adam,0.95,20,gru,2,24,0.95,True
69,relu,32,./data/,data_resource_usage_5Minutes_6176858948,"[['meanCPUUsage'], ['meanCPUUsage']]",1.0,"[32, 4]",0.005,2000,adam,0.95,20,lstm,4,18,0.95,True
70,tanh,32,./data/,data_resource_usage_5Minutes_6176858948,"[['meanCPUUsage'], ['meanCPUUsage']]",1.0,"[32, 4]",0.005,2000,adam,0.95,20,lstm,4,18,0.95,True
71,tanh,8,./data/,data_resource_usage_5Minutes_6176858948,"[['meanCPUUsage'], ['meanCPUUsage']]",1.0,"[32, 4]",0.005,2000,rmsprop,0.95,20,lstm,4,18,0.95,True
72,relu,16,./data/,data_resource_usage_5Minutes_6176858948,"[['meanCPUUsage'], ['meanCPUUsage']]",1.0,"[32, 4]",0.005,2000,adam,0.95,20,gru,2,24,0.95,True
73,sigmoid,8,./data/,data_resource_usage_5Minutes_6176858948,"[['meanCPUUsage'], ['meanCPUUsage']]",1.0,"[32, 4]",0.005,2000,rmsprop,0.95,20,gru,2,24,0.95,True
74,tanh,32,./data/,data_resource_usage_5Minutes_6176858948,"[['meanCPUUsage'], ['meanCPUUsage']]",1.0,"[64, 4]",0.005,2000,rmsprop,0.95,20,lstm,2,18,0.95,True
75,sigmoid,8,./data/,data_resource_usage_5Minutes_6176858948,"[['meanCPUUsage'], ['meanCPUUsage']]",1.0,"[16, 4]",0.005,2000,rmsprop,0.95,20,gru,4,24,0.95,True
76,sigmoid,32,./data/,data_resource_usage_5Minutes_6176858948,"[['meanCPUUsage'], ['meanCPUUsage']]",1.0,"[32, 4]",0.005,2000,rmsprop,0.95,20,gru,4,24,0.95,True
77,relu,8,./data/,data_resource_usage_5Minutes_6176858948,"[['meanCPUUsage'], ['meanCPUUsage']]",1.0,"[64, 4]",0.005,2000,adam,0.95,20,gru,4,24,0.95,True
78,tanh,8,./data/,data_resource_usage_5Minutes_6176858948,"[['meanCPUUsage'], ['meanCPUUsage']]",1.0,"[32, 4]",0.005,2000,rmsprop,0.95,20,lstm,4,24,0.95,True
79,relu,32,./data/,data_resource_usage_5Minutes_6176858948,"[['meanCPUUsage'], ['meanCPUUsage']]",1.0,"[32, 4]",0.005,2000,rmsprop,0.95,20,lstm,4,18,0.95,True
80,relu,8,./data/,data_resource_usage_5Minutes_6176858948,"[['meanCPUUsage'], ['meanCPUUsage']]",1.0,"[16, 4]",0.005,2000,adam,0.95,20,lstm,2,24,0.95,True
81,relu,32,./data/,data_resource_usage_5Minutes_6176858948,"[['meanCPUUsage'], ['meanCPUUsage']]",1.0,"[16, 4]",0.005,2000,adam,0.95,20,lstm,2,24,0.95,True
82,tanh,8,./data/,data_resource_usage_5Minutes_6176858948,"[['meanCPUUsage'], ['meanCPUUsage']]",1.0,"[32, 4]",0.005,2000,adam,0.95,20,gru,2,24,0.95,True
83,relu,16,./data/,data_resource_usage_5Minutes_6176858948,"[['meanCPUUsage'], ['meanCPUUsage']]",1.0,"[64, 4]",0.005,2000,rmsprop,0.95,20,gru,2,24,0.95,True
84,tanh,16,./data/,data_resource_usage_5Minutes_6176858948,"[['meanCPUUsage'], ['meanCPUUsage']]",1.0,"[32, 4]",0.005,2000,adam,0.95,20,lstm,2,18,0.95,True
85,sigmoid,8,./data/,data_resource_usage_5Minutes_6176858948,"[['meanCPUUsage'], ['meanCPUUsage']]",1.0,"[64, 4]",0.005,2000,adam,0.95,20,gru,4,18,0.95,True
86,tanh,8,./data/,data_resource_usage_5Minutes_6176858948,"[['meanCPUUsage'], ['meanCPUUsage']]",1.0,"[16, 4]",0.005,2000,rmsprop,0.95,20,gru,4,18,0.95,True
87,tanh,32,./data/,data_resource_usage_5Minutes_6176858948,"[['meanCPUUsage'], ['meanCPUUsage']]",1.0,"[64, 4]",0.005,2000,adam,0.95,20,lstm,2,18,0.95,True
88,sigmoid,8,./data/,data_resource_usage_5Minutes_6176858948,"[['meanCPUUsage'], ['meanCPUUsage']]",1.0,"[16, 4]",0.005,2000,rmsprop,0.95,20,gru,2,24,0.95,True
89,tanh,32,./data/,data_resource_usage_5Minutes_6176858948,"[['meanCPUUsage'], ['meanCPUUsage']]",1.0,"[64, 4]",0.005,2000,adam,0.95,20,gru,2,18,0.95,True
90,sigmoid,32,./data/,data_resource_usage_5Minutes_6176858948,"[['meanCPUUsage'], ['meanCPUUsage']]",1.0,"[64, 4]",0.005,2000,rmsprop,0.95,20,gru,4,18,0.95,True
91,tanh,16,./data/,data_resource_usage_5Minutes_6176858948,"[['meanCPUUsage'], ['meanCPUUsage']]",1.0,"[64, 4]",0.005,2000,rmsprop,0.95,20,lstm,2,18,0.95,True
92,sigmoid,16,./data/,data_resource_usage_5Minutes_6176858948,"[['meanCPUUsage'], ['meanCPUUsage']]",1.0,"[64, 4]",0.005,2000,adam,0.95,20,gru,2,18,0.95,True
93,sigmoid,32,./data/,data_resource_usage_5Minutes_6176858948,"[['meanCPUUsage'], ['meanCPUUsage']]",1.0,"[32, 4]",0.005,2000,adam,0.95,20,lstm,2,24,0.95,True
94,relu,8,./data/,data_resource_usage_5Minutes_6176858948,"[['meanCPUUsage'], ['meanCPUUsage']]",1.0,"[16, 4]",0.005,2000,adam,0.95,20,lstm,2,18,0.95,True
95,relu,32,./data/,data_resource_usage_5Minutes_6176858948,"[['meanCPUUsage'], ['meanCPUUsage']]",1.0,"[32, 4]",0.005,2000,rmsprop,0.95,20,lstm,2,18,0.95,True
96,sigmoid,16,./data/,data_resource_usage_5Minutes_6176858948,"[['meanCPUUsage'], ['meanCPUUsage']]",1.0,"[32, 4]",0.005,2000,rmsprop,0.95,20,gru,2,24,0.95,True
97,relu,8,./data/,data_resource_usage_5Minutes_6176858948,"[['meanCPUUsage'], ['meanCPUUsage']]",1.0,"[32, 4]",0.005,2000,adam,0.95,20,lstm,2,24,0.95,True
98,sigmoid,16,./data/,data_resource_usage_5Minutes_6176858948,"[['meanCPUUsage'], ['meanCPUUsage']]",1.0,"[16, 4]",0.005,2000,adam,0.95,20,lstm,2,18,0.95,True
99,tanh,32,./data/,data_resource_usage_5Minutes_6176858948,"[['meanCPUUsage'], ['meanCPUUsage']]",1.0,"[16, 4]",0.005,2000,rmsprop,0.95,20,lstm,2,24,0.95,True
100,relu,8,./data/,data_resource_usage_5Minutes_6176858948,"[['meanCPUUsage'], ['meanCPUUsage']]",1.0,"[32, 4]",0.005,2000,rmsprop,0.95,20,gru,4,24,0.95,True
101,sigmoid,16,./data/,data_resource_usage_5Minutes_6176858948,"[['meanCPUUsage'], ['meanCPUUsage']]",1.0,"[32, 4]",0.005,2000,adam,0.95,20,gru,4,18,0.95,True
102,sigmoid,8,./data/,data_resource_usage_5Minutes_6176858948,"[['meanCPUUsage'], ['meanCPUUsage']]",1.0,"[64, 4]",0.005,2000,rmsprop,0.95,20,gru,4,24,0.95,True
103,sigmoid,32,./data/,data_resource_usage_5Minutes_6176858948,"[['meanCPUUsage'], ['meanCPUUsage']]",1.0,"[64, 4]",0.005,2000,rmsprop,0.95,20,lstm,4,24,0.95,True
104,relu,8,./data/,data_resource_usage_5Minutes_6176858948,"[['meanCPUUsage'], ['meanCPUUsage']]",1.0,"[16, 4]",0.005,2000,rmsprop,0.95,20,gru,4,18,0.95,True
105,sigmoid,32,./data/,data_resource_usage_5Minutes_6176858948,"[['meanCPUUsage'], ['meanCPUUsage']]",1.0,"[64, 4]",0.005,2000,rmsprop,0.95,20,gru,2,18,0.95,True
106,relu,8,./data/,data_resource_usage_5Minutes_6176858948,"[['meanCPUUsage'], ['meanCPUUsage']]",1.0,"[64, 4]",0.005,2000,adam,0.95,20,gru,2,24,0.95,True
107,tanh,32,./data/,data_resource_usage_5Minutes_6176858948,"[['meanCPUUsage'], ['meanCPUUsage']]",1.0,"[64, 4]",0.005,2000,adam,0.95,20,gru,4,24,0.95,True
108,tanh,32,./data/,data_resource_usage_5Minutes_6176858948,"[['meanCPUUsage'], ['meanCPUUsage']]",1.0,"[64, 4]",0.005,2000,rmsprop,0.95,20,gru,4,18,0.95,True
109,tanh,32,./data/,data_resource_usage_5Minutes_6176858948,"[['meanCPUUsage'], ['meanCPUUsage']]",1.0,"[16, 4]",0.005,2000,rmsprop,0.95,20,gru,4,18,0.95,True
110,tanh,8,./data/,data_resource_usage_5Minutes_6176858948,"[['meanCPUUsage'], ['meanCPUUsage']]",1.0,"[64, 4]",0.005,2000,rmsprop,0.95,20,gru,4,24,0.95,True
111,tanh,8,./data/,data_resource_usage_5Minutes_6176858948,"[['meanCPUUsage'], ['meanCPUUsage']]",1.0,"[32, 4]",0.005,2000,adam,0.95,20,gru,2,18,0.95,True
112,sigmoid,32,./data/,data_resource_usage_5Minutes_6176858948,"[['meanCPUUsage'], ['meanCPUUsage']]",1.0,"[64, 4]",0.005,2000,adam,0.95,20,lstm,4,24,0.95,True
113,relu,16,./data/,data_resource_usage_5Minutes_6176858948,"[['meanCPUUsage'], ['meanCPUUsage']]",1.0,"[16, 4]",0.005,2000,rmsprop,0.95,20,gru,4,24,0.95,True
114,sigmoid,8,./data/,data_resource_usage_5Minutes_6176858948,"[['meanCPUUsage'], ['meanCPUUsage']]",1.0,"[64, 4]",0.005,2000,adam,0.95,20,gru,2,18,0.95,True
115,relu,32,./data/,data_resource_usage_5Minutes_6176858948,"[['meanCPUUsage'], ['meanCPUUsage']]",1.0,"[64, 4]",0.005,2000,adam,0.95,20,gru,4,18,0.95,True
116,sigmoid,8,./data/,data_resource_usage_5Minutes_6176858948,"[['meanCPUUsage'], ['meanCPUUsage']]",1.0,"[16, 4]",0.005,2000,rmsprop,0.95,20,lstm,2,24,0.95,True
117,sigmoid,16,./data/,data_resource_usage_5Minutes_6176858948,"[['meanCPUUsage'], ['meanCPUUsage']]",1.0,"[16, 4]",0.005,2000,adam,0.95,20,gru,2,24,0.95,True
118,sigmoid,16,./data/,data_resource_usage_5Minutes_6176858948,"[['meanCPUUsage'], ['meanCPUUsage']]",1.0,"[64, 4]",0.005,2000,adam,0.95,20,lstm,2,18,0.95,True
119,tanh,32,./data/,data_resource_usage_5Minutes_6176858948,"[['meanCPUUsage'], ['meanCPUUsage']]",1.0,"[16, 4]",0.005,2000,adam,0.95,20,gru,2,18,0.95,True
120,tanh,16,./data/,data_resource_usage_5Minutes_6176858948,"[['meanCPUUsage'], ['meanCPUUsage']]",1.0,"[32, 4]",0.005,2000,adam,0.95,20,gru,4,18,0.95,True
121,tanh,8,./data/,data_resource_usage_5Minutes_6176858948,"[['meanCPUUsage'], ['meanCPUUsage']]",1.0,"[32, 4]",0.005,2000,adam,0.95,20,lstm,4,24,0.95,True
122,tanh,8,./data/,data_resource_usage_5Minutes_6176858948,"[['meanCPUUsage'], ['meanCPUUsage']]",1.0,"[32, 4]",0.005,2000,adam,0.95,20,lstm,2,18,0.95,True
123,sigmoid,8,./data/,data_resource_usage_5Minutes_6176858948,"[['meanCPUUsage'], ['meanCPUUsage']]",1.0,"[32, 4]",0.005,2000,rmsprop,0.95,20,gru,4,24,0.95,True
124,relu,16,./data/,data_resource_usage_5Minutes_6176858948,"[['meanCPUUsage'], ['meanCPUUsage']]",1.0,"[64, 4]",0.005,2000,adam,0.95,20,lstm,2,18,0.95,True
125,sigmoid,8,./data/,data_resource_usage_5Minutes_6176858948,"[['meanCPUUsage'], ['meanCPUUsage']]",1.0,"[16, 4]",0.005,2000,adam,0.95,20,gru,2,18,0.95,True
126,sigmoid,16,./data/,data_resource_usage_5Minutes_6176858948,"[['meanCPUUsage'], ['meanCPUUsage']]",1.0,"[16, 4]",0.005,2000,rmsprop,0.95,20,gru,4,18,0.95,True
127,sigmoid,32,./data/,data_resource_usage_5Minutes_6176858948,"[['meanCPUUsage'], ['meanCPUUsage']]",1.0,"[64, 4]",0.005,2000,adam,0.95,20,lstm,2,24,0.95,True
128,sigmoid,16,./data/,data_resource_usage_5Minutes_6176858948,"[['meanCPUUsage'], ['meanCPUUsage']]",1.0,"[32, 4]",0.005,2000,rmsprop,0.95,20,gru,4,24,0.95,True
129,tanh,8,./data/,data_resource_usage_5Minutes_6176858948,"[['meanCPUUsage'], ['meanCPUUsage']]",1.0,"[64, 4]",0.005,2000,adam,0.95,20,gru,4,18,0.95,True
130,relu,16,./data/,data_resource_usage_5Minutes_6176858948,"[['meanCPUUsage'], ['meanCPUUsage']]",1.0,"[32, 4]",0.005,2000,adam,0.95,20,gru,4,18,0.95,True
131,sigmoid,32,./data/,data_resource_usage_5Minutes_6176858948,"[['meanCPUUsage'], ['meanCPUUsage']]",1.0,"[64, 4]",0.005,2000,rmsprop,0.95,20,gru,2,24,0.95,True
132,relu,32,./data/,data_resource_usage_5Minutes_6176858948,"[['meanCPUUsage'], ['meanCPUUsage']]",1.0,"[16, 4]",0.005,2000,adam,0.95,20,lstm,2,18,0.95,True
133,tanh,16,./data/,data_resource_usage_5Minutes_6176858948,"[['meanCPUUsage'], ['meanCPUUsage']]",1.0,"[32, 4]",0.005,2000,adam,0.95,20,lstm,2,24,0.95,True
134,relu,8,./data/,data_resource_usage_5Minutes_6176858948,"[['meanCPUUsage'], ['meanCPUUsage']]",1.0,"[32, 4]",0.005,2000,rmsprop,0.95,20,lstm,4,18,0.95,True
135,relu,8,./data/,data_resource_usage_5Minutes_6176858948,"[['meanCPUUsage'], ['meanCPUUsage']]",1.0,"[64, 4]",0.005,2000,rmsprop,0.95,20,lstm,4,18,0.95,True
136,relu,16,./data/,data_resource_usage_5Minutes_6176858948,"[['meanCPUUsage'], ['meanCPUUsage']]",1.0,"[16, 4]",0.005,2000,rmsprop,0.95,20,gru,2,18,0.95,True
137,tanh,32,./data/,data_resource_usage_5Minutes_6176858948,"[['meanCPUUsage'], ['meanCPUUsage']]",1.0,"[32, 4]",0.005,2000,rmsprop,0.95,20,lstm,2,18,0.95,True
138,tanh,16,./data/,data_resource_usage_5Minutes_6176858948,"[['meanCPUUsage'], ['meanCPUUsage']]",1.0,"[32, 4]",0.005,2000,rmsprop,0.95,20,lstm,4,18,0.95,True
139,tanh,16,./data/,data_resource_usage_5Minutes_6176858948,"[['meanCPUUsage'], ['meanCPUUsage']]",1.0,"[32, 4]",0.005,2000,rmsprop,0.95,20,lstm,2,24,0.95,True
140,tanh,32,./data/,data_resource_usage_5Minutes_6176858948,"[['meanCPUUsage'], ['meanCPUUsage']]",1.0,"[64, 4]",0.005,2000,adam,0.95,20,lstm,4,24,0.95,True
141,tanh,8,./data/,data_resource_usage_5Minutes_6176858948,"[['meanCPUUsage'], ['meanCPUUsage']]",1.0,"[16, 4]",0.005,2000,rmsprop,0.95,20,gru,4,24,0.95,True
142,tanh,32,./data/,data_resource_usage_5Minutes_6176858948,"[['meanCPUUsage'], ['meanCPUUsage']]",1.0,"[32, 4]",0.005,2000,adam,0.95,20,gru,4,24,0.95,True
143,sigmoid,32,./data/,data_resource_usage_5Minutes_6176858948,"[['meanCPUUsage'], ['meanCPUUsage']]",1.0,"[16, 4]",0.005,2000,rmsprop,0.95,20,lstm,4,18,0.95,True
144,sigmoid,16,./data/,data_resource_usage_5Minutes_6176858948,"[['meanCPUUsage'], ['meanCPUUsage']]",1.0,"[16, 4]",0.005,2000,rmsprop,0.95,20,lstm,4,24,0.95,True
145,relu,8,./data/,data_resource_usage_5Minutes_6176858948,"[['meanCPUUsage'], ['meanCPUUsage']]",1.0,"[32, 4]",0.005,2000,adam,0.95,20,gru,2,18,0.95,True
146,relu,8,./data/,data_resource_usage_5Minutes_6176858948,"[['meanCPUUsage'], ['meanCPUUsage']]",1.0,"[32, 4]",0.005,2000,rmsprop,0.95,20,lstm,2,18,0.95,True
147,sigmoid,8,./data/,data_resource_usage_5Minutes_6176858948,"[['meanCPUUsage'], ['meanCPUUsage']]",1.0,"[16, 4]",0.005,2000,adam,0.95,20,gru,4,18,0.95,True
148,sigmoid,16,./data/,data_resource_usage_5Minutes_6176858948,"[['meanCPUUsage'], ['meanCPUUsage']]",1.0,"[64, 4]",0.005,2000,rmsprop,0.95,20,lstm,4,24,0.95,True
149,tanh,8,./data/,data_resource_usage_5Minutes_6176858948,"[['meanCPUUsage'], ['meanCPUUsage']]",1.0,"[16, 4]",0.005,2000,adam,0.95,20,gru,2,18,0.95,True
150,tanh,32,./data/,data_resource_usage_5Minutes_6176858948,"[['meanCPUUsage'], ['meanCPUUsage']]",1.0,"[32, 4]",0.005,2000,adam,0.95,20,lstm,2,18,0.95,True
151,tanh,8,./data/,data_resource_usage_5Minutes_6176858948,"[['meanCPUUsage'], ['meanCPUUsage']]",1.0,"[64, 4]",0.005,2000,adam,0.95,20,lstm,4,24,0.95,True
152,tanh,32,./data/,data_resource_usage_5Minutes_6176858948,"[['meanCPUUsage'], ['meanCPUUsage']]",1.0,"[64, 4]",0.005,2000,adam,0.95,20,lstm,2,24,0.95,True
153,tanh,32,./data/,data_resource_usage_5Minutes_6176858948,"[['meanCPUUsage'], ['meanCPUUsage']]",1.0,"[64, 4]",0.005,2000,rmsprop,0.95,20,gru,2,18,0.95,True
154,tanh,8,./data/,data_resource_usage_5Minutes_6176858948,"[['meanCPUUsage'], ['meanCPUUsage']]",1.0,"[32, 4]",0.005,2000,rmsprop,0.95,20,gru,2,24,0.95,True
155,tanh,8,./data/,data_resource_usage_5Minutes_6176858948,"[['meanCPUUsage'], ['meanCPUUsage']]",1.0,"[16, 4]",0.005,2000,adam,0.95,20,lstm,2,24,0.95,True
156,sigmoid,16,./data/,data_resource_usage_5Minutes_6176858948,"[['meanCPUUsage'], ['meanCPUUsage']]",1.0,"[64, 4]",0.005,2000,adam,0.95,20,lstm,2,24,0.95,True
157,tanh,8,./data/,data_resource_usage_5Minutes_6176858948,"[['meanCPUUsage'], ['meanCPUUsage']]",1.0,"[32, 4]",0.005,2000,rmsprop,0.95,20,lstm,2,24,0.95,True
158,tanh,16,./data/,data_resource_usage_5Minutes_6176858948,"[['meanCPUUsage'], ['meanCPUUsage']]",1.0,"[32, 4]",0.005,2000,adam,0.95,20,gru,2,18,0.95,True
159,tanh,32,./data/,data_resource_usage_5Minutes_6176858948,"[['meanCPUUsage'], ['meanCPUUsage']]",1.0,"[16, 4]",0.005,2000,rmsprop,0.95,20,lstm,4,18,0.95,True
160,relu,32,./data/,data_resource_usage_5Minutes_6176858948,"[['meanCPUUsage'], ['meanCPUUsage']]",1.0,"[64, 4]",0.005,2000,adam,0.95,20,lstm,2,18,0.95,True
161,tanh,16,./data/,data_resource_usage_5Minutes_6176858948,"[['meanCPUUsage'], ['meanCPUUsage']]",1.0,"[64, 4]",0.005,2000,adam,0.95,20,lstm,2,18,0.95,True
162,relu,8,./data/,data_resource_usage_5Minutes_6176858948,"[['meanCPUUsage'], ['meanCPUUsage']]",1.0,"[16, 4]",0.005,2000,adam,0.95,20,lstm,4,24,0.95,True
163,tanh,8,./data/,data_resource_usage_5Minutes_6176858948,"[['meanCPUUsage'], ['meanCPUUsage']]",1.0,"[32, 4]",0.005,2000,rmsprop,0.95,20,lstm,2,18,0.95,True
164,relu,32,./data/,data_resource_usage_5Minutes_6176858948,"[['meanCPUUsage'], ['meanCPUUsage']]",1.0,"[64, 4]",0.005,2000,adam,0.95,20,gru,2,18,0.95,True
165,relu,8,./data/,data_resource_usage_5Minutes_6176858948,"[['meanCPUUsage'], ['meanCPUUsage']]",1.0,"[16, 4]",0.005,2000,adam,0.95,20,gru,2,18,0.95,True
166,sigmoid,8,./data/,data_resource_usage_5Minutes_6176858948,"[['meanCPUUsage'], ['meanCPUUsage']]",1.0,"[32, 4]",0.005,2000,rmsprop,0.95,20,lstm,4,24,0.95,True
167,relu,8,./data/,data_resource_usage_5Minutes_6176858948,"[['meanCPUUsage'], ['meanCPUUsage']]",1.0,"[32, 4]",0.005,2000,adam,0.95,20,gru,4,24,0.95,True
168,sigmoid,8,./data/,data_resource_usage_5Minutes_6176858948,"[['meanCPUUsage'], ['meanCPUUsage']]",1.0,"[16, 4]",0.005,2000,adam,0.95,20,gru,2,24,0.95,True
169,relu,16,./data/,data_resource_usage_5Minutes_6176858948,"[['meanCPUUsage'], ['meanCPUUsage']]",1.0,"[32, 4]",0.005,2000,rmsprop,0.95,20,gru,4,24,0.95,True
170,relu,32,./data/,data_resource_usage_5Minutes_6176858948,"[['meanCPUUsage'], ['meanCPUUsage']]",1.0,"[32, 4]",0.005,2000,rmsprop,0.95,20,lstm,4,24,0.95,True
171,relu,8,./data/,data_resource_usage_5Minutes_6176858948,"[['meanCPUUsage'], ['meanCPUUsage']]",1.0,"[32, 4]",0.005,2000,adam,0.95,20,lstm,2,18,0.95,True
172,sigmoid,8,./data/,data_resource_usage_5Minutes_6176858948,"[['meanCPUUsage'], ['meanCPUUsage']]",1.0,"[32, 4]",0.005,2000,adam,0.95,20,gru,4,18,0.95,True
173,tanh,8,./data/,data_resource_usage_5Minutes_6176858948,"[['meanCPUUsage'], ['meanCPUUsage']]",1.0,"[16, 4]",0.005,2000,adam,0.95,20,lstm,4,24,0.95,True
174,sigmoid,16,./data/,data_resource_usage_5Minutes_6176858948,"[['meanCPUUsage'], ['meanCPUUsage']]",1.0,"[64, 4]",0.005,2000,adam,0.95,20,lstm,4,24,0.95,True
175,relu,16,./data/,data_resource_usage_5Minutes_6176858948,"[['meanCPUUsage'], ['meanCPUUsage']]",1.0,"[16, 4]",0.005,2000,adam,0.95,20,lstm,4,18,0.95,True
176,sigmoid,16,./data/,data_resource_usage_5Minutes_6176858948,"[['meanCPUUsage'], ['meanCPUUsage']]",1.0,"[32, 4]",0.005,2000,adam,0.95,20,gru,2,18,0.95,True
177,relu,16,./data/,data_resource_usage_5Minutes_6176858948,"[['meanCPUUsage'], ['meanCPUUsage']]",1.0,"[32, 4]",0.005,2000,rmsprop,0.95,20,gru,2,18,0.95,True
178,tanh,8,./data/,data_resource_usage_5Minutes_6176858948,"[['meanCPUUsage'], ['meanCPUUsage']]",1.0,"[32, 4]",0.005,2000,adam,0.95,20,lstm,4,18,0.95,True
179,sigmoid,8,./data/,data_resource_usage_5Minutes_6176858948,"[['meanCPUUsage'], ['meanCPUUsage']]",1.0,"[64, 4]",0.005,2000,adam,0.95,20,gru,2,24,0.95,True
180,relu,16,./data/,data_resource_usage_5Minutes_6176858948,"[['meanCPUUsage'], ['meanCPUUsage']]",1.0,"[16, 4]",0.005,2000,adam,0.95,20,gru,2,18,0.95,True
181,relu,16,./data/,data_resource_usage_5Minutes_6176858948,"[['meanCPUUsage'], ['meanCPUUsage']]",1.0,"[64, 4]",0.005,2000,adam,0.95,20,lstm,2,24,0.95,True
182,sigmoid,32,./data/,data_resource_usage_5Minutes_6176858948,"[['meanCPUUsage'], ['meanCPUUsage']]",1.0,"[32, 4]",0.005,2000,adam,0.95,20,gru,4,18,0.95,True
183,sigmoid,8,./data/,data_resource_usage_5Minutes_6176858948,"[['meanCPUUsage'], ['meanCPUUsage']]",1.0,"[64, 4]",0.005,2000,adam,0.95,20,gru,4,24,0.95,True
184,relu,32,./data/,data_resource_usage_5Minutes_6176858948,"[['meanCPUUsage'], ['meanCPUUsage']]",1.0,"[16, 4]",0.005,2000,adam,0.95,20,gru,2,18,0.95,True
185,sigmoid,8,./data/,data_resource_usage_5Minutes_6176858948,"[['meanCPUUsage'], ['meanCPUUsage']]",1.0,"[32, 4]",0.005,2000,adam,0.95,20,gru,2,18,0.95,True
186,relu,16,./data/,data_resource_usage_5Minutes_6176858948,"[['meanCPUUsage'], ['meanCPUUsage']]",1.0,"[16, 4]",0.005,2000,adam,0.95,20,lstm,2,24,0.95,True
187,tanh,32,./data/,data_resource_usage_5Minutes_6176858948,"[['meanCPUUsage'], ['meanCPUUsage']]",1.0,"[32, 4]",0.005,2000,adam,0.95,20,gru,2,24,0.95,True
188,relu,32,./data/,data_resource_usage_5Minutes_6176858948,"[['meanCPUUsage'], ['meanCPUUsage']]",1.0,"[64, 4]",0.005,2000,rmsprop,0.95,20,lstm,2,24,0.95,True
189,sigmoid,8,./data/,data_resource_usage_5Minutes_6176858948,"[['meanCPUUsage'], ['meanCPUUsage']]",1.0,"[16, 4]",0.005,2000,rmsprop,0.95,20,lstm,4,24,0.95,True
190,sigmoid,32,./data/,data_resource_usage_5Minutes_6176858948,"[['meanCPUUsage'], ['meanCPUUsage']]",1.0,"[64, 4]",0.005,2000,rmsprop,0.95,20,lstm,2,18,0.95,True
191,tanh,32,./data/,data_resource_usage_5Minutes_6176858948,"[['meanCPUUsage'], ['meanCPUUsage']]",1.0,"[32, 4]",0.005,2000,adam,0.95,20,gru,2,18,0.95,True
192,relu,16,./data/,data_resource_usage_5Minutes_6176858948,"[['meanCPUUsage'], ['meanCPUUsage']]",1.0,"[32, 4]",0.005,2000,adam,0.95,20,lstm,2,24,0.95,True
193,relu,16,./data/,data_resource_usage_5Minutes_6176858948,"[['meanCPUUsage'], ['meanCPUUsage']]",1.0,"[32, 4]",0.005,2000,adam,0.95,20,lstm,2,18,0.95,True
194,sigmoid,8,./data/,data_resource_usage_5Minutes_6176858948,"[['meanCPUUsage'], ['meanCPUUsage']]",1.0,"[32, 4]",0.005,2000,rmsprop,0.95,20,gru,4,18,0.95,True
195,relu,8,./data/,data_resource_usage_5Minutes_6176858948,"[['meanCPUUsage'], ['meanCPUUsage']]",1.0,"[64, 4]",0.005,2000,rmsprop,0.95,20,gru,4,24,0.95,True
196,sigmoid,8,./data/,data_resource_usage_5Minutes_6176858948,"[['meanCPUUsage'], ['meanCPUUsage']]",1.0,"[64, 4]",0.005,2000,rmsprop,0.95,20,lstm,2,24,0.95,True
197,relu,16,./data/,data_resource_usage_5Minutes_6176858948,"[['meanCPUUsage'], ['meanCPUUsage']]",1.0,"[64, 4]",0.005,2000,rmsprop,0.95,20,lstm,2,18,0.95,True
198,sigmoid,8,./data/,data_resource_usage_5Minutes_6176858948,"[['meanCPUUsage'], ['meanCPUUsage']]",1.0,"[32, 4]",0.005,2000,adam,0.95,20,lstm,4,24,0.95,True
199,sigmoid,8,./data/,data_resource_usage_5Minutes_6176858948,"[['meanCPUUsage'], ['meanCPUUsage']]",1.0,"[16, 4]",0.005,2000,adam,0.95,20,lstm,4,18,0.95,True
200,sigmoid,32,./data/,data_resource_usage_5Minutes_6176858948,"[['meanCPUUsage'], ['meanCPUUsage']]",1.0,"[64, 4]",0.005,2000,adam,0.95,20,lstm,2,18,0.95,True
201,sigmoid,32,./data/,data_resource_usage_5Minutes_6176858948,"[['meanCPUUsage'], ['meanCPUUsage']]",1.0,"[64, 4]",0.005,2000,adam,0.95,20,gru,2,24,0.95,True
202,tanh,16,./data/,data_resource_usage_5Minutes_6176858948,"[['meanCPUUsage'], ['meanCPUUsage']]",1.0,"[64, 4]",0.005,2000,adam,0.95,20,lstm,4,18,0.95,True
203,relu,32,./data/,data_resource_usage_5Minutes_6176858948,"[['meanCPUUsage'], ['meanCPUUsage']]",1.0,"[16, 4]",0.005,2000,rmsprop,0.95,20,lstm,4,18,0.95,True
204,tanh,16,./data/,data_resource_usage_5Minutes_6176858948,"[['meanCPUUsage'], ['meanCPUUsage']]",1.0,"[32, 4]",0.005,2000,adam,0.95,20,gru,4,24,0.95,True
205,tanh,16,./data/,data_resource_usage_5Minutes_6176858948,"[['meanCPUUsage'], ['meanCPUUsage']]",1.0,"[16, 4]",0.005,2000,rmsprop,0.95,20,lstm,4,24,0.95,True
206,sigmoid,32,./data/,data_resource_usage_5Minutes_6176858948,"[['meanCPUUsage'], ['meanCPUUsage']]",1.0,"[16, 4]",0.005,2000,adam,0.95,20,gru,4,24,0.95,True
207,tanh,8,./data/,data_resource_usage_5Minutes_6176858948,"[['meanCPUUsage'], ['meanCPUUsage']]",1.0,"[64, 4]",0.005,2000,rmsprop,0.95,20,lstm,2,24,0.95,True
208,relu,16,./data/,data_resource_usage_5Minutes_6176858948,"[['meanCPUUsage'], ['meanCPUUsage']]",1.0,"[32, 4]",0.005,2000,adam,0.95,20,lstm,4,18,0.95,True
209,sigmoid,8,./data/,data_resource_usage_5Minutes_6176858948,"[['meanCPUUsage'], ['meanCPUUsage']]",1.0,"[64, 4]",0.005,2000,adam,0.95,20,lstm,4,24,0.95,True
210,sigmoid,16,./data/,data_resource_usage_5Minutes_6176858948,"[['meanCPUUsage'], ['meanCPUUsage']]",1.0,"[32, 4]",0.005,2000,adam,0.95,20,lstm,2,24,0.95,True
211,sigmoid,16,./data/,data_resource_usage_5Minutes_6176858948,"[['meanCPUUsage'], ['meanCPUUsage']]",1.0,"[16, 4]",0.005,2000,adam,0.95,20,gru,2,18,0.95,True
212,sigmoid,16,./data/,data_resource_usage_5Minutes_6176858948,"[['meanCPUUsage'], ['meanCPUUsage']]",1.0,"[64, 4]",0.005,2000,adam,0.95,20,gru,2,24,0.95,True
213,sigmoid,32,./data/,data_resource_usage_5Minutes_6176858948,"[['meanCPUUsage'], ['meanCPUUsage']]",1.0,"[16, 4]",0.005,2000,rmsprop,0.95,20,lstm,2,24,0.95,True
214,relu,32,./data/,data_resource_usage_5Minutes_6176858948,"[['meanCPUUsage'], ['meanCPUUsage']]",1.0,"[64, 4]",0.005,2000,rmsprop,0.95,20,lstm,4,18,0.95,True
215,relu,16,./data/,data_resource_usage_5Minutes_6176858948,"[['meanCPUUsage'], ['meanCPUUsage']]",1.0,"[16, 4]",0.005,2000,adam,0.95,20,gru,4,18,0.95,True
216,tanh,32,./data/,data_resource_usage_5Minutes_6176858948,"[['meanCPUUsage'], ['meanCPUUsage']]",1.0,"[64, 4]",0.005,2000,rmsprop,0.95,20,lstm,4,24,0.95,True
217,tanh,8,./data/,data_resource_usage_5Minutes_6176858948,"[['meanCPUUsage'], ['meanCPUUsage']]",1.0,"[16, 4]",0.005,2000,rmsprop,0.95,20,lstm,4,18,0.95,True
218,relu,8,./data/,data_resource_usage_5Minutes_6176858948,"[['meanCPUUsage'], ['meanCPUUsage']]",1.0,"[64, 4]",0.005,2000,rmsprop,0.95,20,lstm,4,24,0.95,True
219,sigmoid,32,./data/,data_resource_usage_5Minutes_6176858948,"[['meanCPUUsage'], ['meanCPUUsage']]",1.0,"[32, 4]",0.005,2000,rmsprop,0.95,20,lstm,2,24,0.95,True
220,sigmoid,16,./data/,data_resource_usage_5Minutes_6176858948,"[['meanCPUUsage'], ['meanCPUUsage']]",1.0,"[64, 4]",0.005,2000,adam,0.95,20,lstm,4,18,0.95,True
221,tanh,16,./data/,data_resource_usage_5Minutes_6176858948,"[['meanCPUUsage'], ['meanCPUUsage']]",1.0,"[16, 4]",0.005,2000,rmsprop,0.95,20,lstm,2,18,0.95,True
222,tanh,32,./data/,data_resource_usage_5Minutes_6176858948,"[['meanCPUUsage'], ['meanCPUUsage']]",1.0,"[16, 4]",0.005,2000,adam,0.95,20,gru,4,24,0.95,True
223,sigmoid,32,./data/,data_resource_usage_5Minutes_6176858948,"[['meanCPUUsage'], ['meanCPUUsage']]",1.0,"[16, 4]",0.005,2000,rmsprop,0.95,20,gru,2,24,0.95,True
224,relu,8,./data/,data_resource_usage_5Minutes_6176858948,"[['meanCPUUsage'], ['meanCPUUsage']]",1.0,"[64, 4]",0.005,2000,adam,0.95,20,gru,4,18,0.95,True
225,tanh,16,./data/,data_resource_usage_5Minutes_6176858948,"[['meanCPUUsage'], ['meanCPUUsage']]",1.0,"[32, 4]",0.005,2000,adam,0.95,20,lstm,4,24,0.95,True
226,sigmoid,16,./data/,data_resource_usage_5Minutes_6176858948,"[['meanCPUUsage'], ['meanCPUUsage']]",1.0,"[16, 4]",0.005,2000,rmsprop,0.95,20,gru,2,24,0.95,True
227,relu,32,./data/,data_resource_usage_5Minutes_6176858948,"[['meanCPUUsage'], ['meanCPUUsage']]",1.0,"[64, 4]",0.005,2000,rmsprop,0.95,20,gru,4,24,0.95,True
228,sigmoid,32,./data/,data_resource_usage_5Minutes_6176858948,"[['meanCPUUsage'], ['meanCPUUsage']]",1.0,"[16, 4]",0.005,2000,adam,0.95,20,gru,4,18,0.95,True
229,relu,16,./data/,data_resource_usage_5Minutes_6176858948,"[['meanCPUUsage'], ['meanCPUUsage']]",1.0,"[32, 4]",0.005,2000,adam,0.95,20,lstm,4,24,0.95,True
230,relu,16,./data/,data_resource_usage_5Minutes_6176858948,"[['meanCPUUsage'], ['meanCPUUsage']]",1.0,"[16, 4]",0.005,2000,adam,0.95,20,gru,4,24,0.95,True
231,tanh,16,./data/,data_resource_usage_5Minutes_6176858948,"[['meanCPUUsage'], ['meanCPUUsage']]",1.0,"[64, 4]",0.005,2000,rmsprop,0.95,20,lstm,2,24,0.95,True
232,relu,32,./data/,data_resource_usage_5Minutes_6176858948,"[['meanCPUUsage'], ['meanCPUUsage']]",1.0,"[32, 4]",0.005,2000,adam,0.95,20,gru,2,24,0.95,True
233,tanh,32,./data/,data_resource_usage_5Minutes_6176858948,"[['meanCPUUsage'], ['meanCPUUsage']]",1.0,"[32, 4]",0.005,2000,rmsprop,0.95,20,lstm,2,24,0.95,True
234,sigmoid,8,./data/,data_resource_usage_5Minutes_6176858948,"[['meanCPUUsage'], ['meanCPUUsage']]",1.0,"[64, 4]",0.005,2000,rmsprop,0.95,20,lstm,4,24,0.95,True
235,tanh,16,./data/,data_resource_usage_5Minutes_6176858948,"[['meanCPUUsage'], ['meanCPUUsage']]",1.0,"[64, 4]",0.005,2000,rmsprop,0.95,20,gru,4,24,0.95,True
236,tanh,32,./data/,data_resource_usage_5Minutes_6176858948,"[['meanCPUUsage'], ['meanCPUUsage']]",1.0,"[64, 4]",0.005,2000,rmsprop,0.95,20,lstm,2,24,0.95,True
237,tanh,32,./data/,data_resource_usage_5Minutes_6176858948,"[['meanCPUUsage'], ['meanCPUUsage']]",1.0,"[64, 4]",0.005,2000,adam,0.95,20,gru,4,18,0.95,True
238,relu,32,./data/,data_resource_usage_5Minutes_6176858948,"[['meanCPUUsage'], ['meanCPUUsage']]",1.0,"[16, 4]",0.005,2000,rmsprop,0.95,20,gru,4,18,0.95,True
239,relu,16,./data/,data_resource_usage_5Minutes_6176858948,"[['meanCPUUsage'], ['meanCPUUsage']]",1.0,"[32, 4]",0.005,2000,rmsprop,0.95,20,gru,4,18,0.95,True
240,sigmoid,32,./data/,data_resource_usage_5Minutes_6176858948,"[['meanCPUUsage'], ['meanCPUUsage']]",1.0,"[64, 4]",0.005,2000,rmsprop,0.95,20,lstm,2,24,0.95,True
241,tanh,32,./data/,data_resource_usage_5Minutes_6176858948,"[['meanCPUUsage'], ['meanCPUUsage']]",1.0,"[32, 4]",0.005,2000,adam,0.95,20,lstm,4,24,0.95,True
242,relu,16,./data/,data_resource_usage_5Minutes_6176858948,"[['meanCPUUsage'], ['meanCPUUsage']]",1.0,"[32, 4]",0.005,2000,rmsprop,0.95,20,gru,2,24,0.95,True
243,relu,8,./data/,data_resource_usage_5Minutes_6176858948,"[['meanCPUUsage'], ['meanCPUUsage']]",1.0,"[32, 4]",0.005,2000,adam,0.95,20,lstm,4,18,0.95,True
244,relu,8,./data/,data_resource_usage_5Minutes_6176858948,"[['meanCPUUsage'], ['meanCPUUsage']]",1.0,"[64, 4]",0.005,2000,adam,0.95,20,lstm,2,24,0.95,True
245,tanh,8,./data/,data_resource_usage_5Minutes_6176858948,"[['meanCPUUsage'], ['meanCPUUsage']]",1.0,"[64, 4]",0.005,2000,adam,0.95,20,lstm,2,18,0.95,True
246,relu,8,./data/,data_resource_usage_5Minutes_6176858948,"[['meanCPUUsage'], ['meanCPUUsage']]",1.0,"[32, 4]",0.005,2000,adam,0.95,20,gru,2,24,0.95,True
247,sigmoid,16,./data/,data_resource_usage_5Minutes_6176858948,"[['meanCPUUsage'], ['meanCPUUsage']]",1.0,"[64, 4]",0.005,2000,rmsprop,0.95,20,lstm,2,24,0.95,True
248,sigmoid,8,./data/,data_resource_usage_5Minutes_6176858948,"[['meanCPUUsage'], ['meanCPUUsage']]",1.0,"[64, 4]",0.005,2000,adam,0.95,20,lstm,4,18,0.95,True
249,relu,8,./data/,data_resource_usage_5Minutes_6176858948,"[['meanCPUUsage'], ['meanCPUUsage']]",1.0,"[64, 4]",0.005,2000,rmsprop,0.95,20,lstm,2,24,0.95,True
250,relu,16,./data/,data_resource_usage_5Minutes_6176858948,"[['meanCPUUsage'], ['meanCPUUsage']]",1.0,"[32, 4]",0.005,2000,adam,0.95,20,gru,4,24,0.95,True
251,sigmoid,8,./data/,data_resource_usage_5Minutes_6176858948,"[['meanCPUUsage'], ['meanCPUUsage']]",1.0,"[16, 4]",0.005,2000,adam,0.95,20,gru,4,24,0.95,True
252,tanh,16,./data/,data_resource_usage_5Minutes_6176858948,"[['meanCPUUsage'], ['meanCPUUsage']]",1.0,"[16, 4]",0.005,2000,rmsprop,0.95,20,gru,4,18,0.95,True
253,tanh,32,./data/,data_resource_usage_5Minutes_6176858948,"[['meanCPUUsage'], ['meanCPUUsage']]",1.0,"[32, 4]",0.005,2000,rmsprop,0.95,20,gru,2,24,0.95,True
254,tanh,32,./data/,data_resource_usage_5Minutes_6176858948,"[['meanCPUUsage'], ['meanCPUUsage']]",1.0,"[32, 4]",0.005,2000,adam,0.95,20,lstm,2,24,0.95,True
255,sigmoid,32,./data/,data_resource_usage_5Minutes_6176858948,"[['meanCPUUsage'], ['meanCPUUsage']]",1.0,"[32, 4]",0.005,2000,adam,0.95,20,lstm,4,24,0.95,True
256,sigmoid,8,./data/,data_resource_usage_5Minutes_6176858948,"[['meanCPUUsage'], ['meanCPUUsage']]",1.0,"[16, 4]",0.005,2000,rmsprop,0.95,20,gru,4,18,0.95,True
257,relu,32,./data/,data_resource_usage_5Minutes_6176858948,"[['meanCPUUsage'], ['meanCPUUsage']]",1.0,"[32, 4]",0.005,2000,adam,0.95,20,lstm,4,24,0.95,True
258,sigmoid,32,./data/,data_resource_usage_5Minutes_6176858948,"[['meanCPUUsage'], ['meanCPUUsage']]",1.0,"[16, 4]",0.005,2000,rmsprop,0.95,20,lstm,2,18,0.95,True
259,relu,32,./data/,data_resource_usage_5Minutes_6176858948,"[['meanCPUUsage'], ['meanCPUUsage']]",1.0,"[16, 4]",0.005,2000,rmsprop,0.95,20,gru,2,24,0.95,True
260,relu,32,./data/,data_resource_usage_5Minutes_6176858948,"[['meanCPUUsage'], ['meanCPUUsage']]",1.0,"[64, 4]",0.005,2000,rmsprop,0.95,20,gru,2,24,0.95,True
261,relu,8,./data/,data_resource_usage_5Minutes_6176858948,"[['meanCPUUsage'], ['meanCPUUsage']]",1.0,"[16, 4]",0.005,2000,adam,0.95,20,gru,4,18,0.95,True
262,relu,8,./data/,data_resource_usage_5Minutes_6176858948,"[['meanCPUUsage'], ['meanCPUUsage']]",1.0,"[32, 4]",0.005,2000,adam,0.95,20,gru,4,18,0.95,True
263,relu,32,./data/,data_resource_usage_5Minutes_6176858948,"[['meanCPUUsage'], ['meanCPUUsage']]",1.0,"[16, 4]",0.005,2000,adam,0.95,20,lstm,4,18,0.95,True
264,relu,16,./data/,data_resource_usage_5Minutes_6176858948,"[['meanCPUUsage'], ['meanCPUUsage']]",1.0,"[64, 4]",0.005,2000,rmsprop,0.95,20,lstm,2,24,0.95,True
265,relu,32,./data/,data_resource_usage_5Minutes_6176858948,"[['meanCPUUsage'], ['meanCPUUsage']]",1.0,"[32, 4]",0.005,2000,rmsprop,0.95,20,lstm,2,24,0.95,True
266,relu,16,./data/,data_resource_usage_5Minutes_6176858948,"[['meanCPUUsage'], ['meanCPUUsage']]",1.0,"[64, 4]",0.005,2000,adam,0.95,20,lstm,4,18,0.95,True
267,relu,16,./data/,data_resource_usage_5Minutes_6176858948,"[['meanCPUUsage'], ['meanCPUUsage']]",1.0,"[16, 4]",0.005,2000,rmsprop,0.95,20,gru,4,18,0.95,True
268,tanh,8,./data/,data_resource_usage_5Minutes_6176858948,"[['meanCPUUsage'], ['meanCPUUsage']]",1.0,"[64, 4]",0.005,2000,adam,0.95,20,gru,2,18,0.95,True
269,sigmoid,16,./data/,data_resource_usage_5Minutes_6176858948,"[['meanCPUUsage'], ['meanCPUUsage']]",1.0,"[16, 4]",0.005,2000,adam,0.95,20,lstm,2,24,0.95,True
270,tanh,8,./data/,data_resource_usage_5Minutes_6176858948,"[['meanCPUUsage'], ['meanCPUUsage']]",1.0,"[16, 4]",0.005,2000,rmsprop,0.95,20,lstm,2,18,0.95,True
271,sigmoid,32,./data/,data_resource_usage_5Minutes_6176858948,"[['meanCPUUsage'], ['meanCPUUsage']]",1.0,"[16, 4]",0.005,2000,rmsprop,0.95,20,gru,2,18,0.95,True
272,sigmoid,8,./data/,data_resource_usage_5Minutes_6176858948,"[['meanCPUUsage'], ['meanCPUUsage']]",1.0,"[32, 4]",0.005,2000,adam,0.95,20,lstm,2,18,0.95,True
273,relu,32,./data/,data_resource_usage_5Minutes_6176858948,"[['meanCPUUsage'], ['meanCPUUsage']]",1.0,"[64, 4]",0.005,2000,rmsprop,0.95,20,lstm,2,18,0.95,True
274,sigmoid,16,./data/,data_resource_usage_5Minutes_6176858948,"[['meanCPUUsage'], ['meanCPUUsage']]",1.0,"[32, 4]",0.005,2000,adam,0.95,20,lstm,2,18,0.95,True
275,relu,8,./data/,data_resource_usage_5Minutes_6176858948,"[['meanCPUUsage'], ['meanCPUUsage']]",1.0,"[64, 4]",0.005,2000,adam,0.95,20,gru,2,18,0.95,True
276,relu,32,./data/,data_resource_usage_5Minutes_6176858948,"[['meanCPUUsage'], ['meanCPUUsage']]",1.0,"[32, 4]",0.005,2000,rmsprop,0.95,20,gru,2,24,0.95,True
277,tanh,32,./data/,data_resource_usage_5Minutes_6176858948,"[['meanCPUUsage'], ['meanCPUUsage']]",1.0,"[16, 4]",0.005,2000,adam,0.95,20,lstm,2,24,0.95,True
278,relu,8,./data/,data_resource_usage_5Minutes_6176858948,"[['meanCPUUsage'], ['meanCPUUsage']]",1.0,"[64, 4]",0.005,2000,rmsprop,0.95,20,gru,2,24,0.95,True
279,relu,32,./data/,data_resource_usage_5Minutes_6176858948,"[['meanCPUUsage'], ['meanCPUUsage']]",1.0,"[16, 4]",0.005,2000,adam,0.95,20,gru,4,18,0.95,True
280,sigmoid,16,./data/,data_resource_usage_5Minutes_6176858948,"[['meanCPUUsage'], ['meanCPUUsage']]",1.0,"[32, 4]",0.005,2000,rmsprop,0.95,20,lstm,4,18,0.95,True
281,relu,8,./data/,data_resource_usage_5Minutes_6176858948,"[['meanCPUUsage'], ['meanCPUUsage']]",1.0,"[16, 4]",0.005,2000,rmsprop,0.95,20,lstm,2,24,0.95,True
282,tanh,16,./data/,data_resource_usage_5Minutes_6176858948,"[['meanCPUUsage'], ['meanCPUUsage']]",1.0,"[16, 4]",0.005,2000,rmsprop,0.95,20,gru,4,24,0.95,True
283,sigmoid,8,./data/,data_resource_usage_5Minutes_6176858948,"[['meanCPUUsage'], ['meanCPUUsage']]",1.0,"[32, 4]",0.005,2000,adam,0.95,20,gru,2,24,0.95,True
284,relu,32,./data/,data_resource_usage_5Minutes_6176858948,"[['meanCPUUsage'], ['meanCPUUsage']]",1.0,"[16, 4]",0.005,2000,adam,0.95,20,gru,2,24,0.95,True
285,tanh,16,./data/,data_resource_usage_5Minutes_6176858948,"[['meanCPUUsage'], ['meanCPUUsage']]",1.0,"[16, 4]",0.005,2000,rmsprop,0.95,20,gru,2,18,0.95,True
286,relu,16,./data/,data_resource_usage_5Minutes_6176858948,"[['meanCPUUsage'], ['meanCPUUsage']]",1.0,"[64, 4]",0.005,2000,adam,0.95,20,gru,2,18,0.95,True
287,relu,32,./data/,data_resource_usage_5Minutes_6176858948,"[['meanCPUUsage'], ['meanCPUUsage']]",1.0,"[32, 4]",0.005,2000,adam,0.95,20,gru,4,24,0.95,True
288,relu,32,./data/,data_resource_usage_5Minutes_6176858948,"[['meanCPUUsage'], ['meanCPUUsage']]",1.0,"[16, 4]",0.005,2000,adam,0.95,20,lstm,4,24,0.95,True
289,sigmoid,32,./data/,data_resource_usage_5Minutes_6176858948,"[['meanCPUUsage'], ['meanCPUUsage']]",1.0,"[16, 4]",0.005,2000,rmsprop,0.95,20,gru,4,24,0.95,True
290,tanh,32,./data/,data_resource_usage_5Minutes_6176858948,"[['meanCPUUsage'], ['meanCPUUsage']]",1.0,"[32, 4]",0.005,2000,rmsprop,0.95,20,lstm,4,24,0.95,True
291,tanh,32,./data/,data_resource_usage_5Minutes_6176858948,"[['meanCPUUsage'], ['meanCPUUsage']]",1.0,"[16, 4]",0.005,2000,adam,0.95,20,lstm,2,18,0.95,True
292,relu,32,./data/,data_resource_usage_5Minutes_6176858948,"[['meanCPUUsage'], ['meanCPUUsage']]",1.0,"[32, 4]",0.005,2000,rmsprop,0.95,20,gru,4,24,0.95,True
293,relu,32,./data/,data_resource_usage_5Minutes_6176858948,"[['meanCPUUsage'], ['meanCPUUsage']]",1.0,"[64, 4]",0.005,2000,adam,0.95,20,gru,2,24,0.95,True
294,sigmoid,32,./data/,data_resource_usage_5Minutes_6176858948,"[['meanCPUUsage'], ['meanCPUUsage']]",1.0,"[32, 4]",0.005,2000,rmsprop,0.95,20,gru,4,18,0.95,True
295,relu,16,./data/,data_resource_usage_5Minutes_6176858948,"[['meanCPUUsage'], ['meanCPUUsage']]",1.0,"[32, 4]",0.005,2000,adam,0.95,20,gru,2,18,0.95,True
296,tanh,32,./data/,data_resource_usage_5Minutes_6176858948,"[['meanCPUUsage'], ['meanCPUUsage']]",1.0,"[32, 4]",0.005,2000,rmsprop,0.95,20,lstm,4,18,0.95,True
297,sigmoid,32,./data/,data_resource_usage_5Minutes_6176858948,"[['meanCPUUsage'], ['meanCPUUsage']]",1.0,"[32, 4]",0.005,2000,adam,0.95,20,gru,2,24,0.95,True
298,relu,8,./data/,data_resource_usage_5Minutes_6176858948,"[['meanCPUUsage'], ['meanCPUUsage']]",1.0,"[32, 4]",0.005,2000,rmsprop,0.95,20,lstm,2,24,0.95,True
299,tanh,8,./data/,data_resource_usage_5Minutes_6176858948,"[['meanCPUUsage'], ['meanCPUUsage']]",1.0,"[16, 4]",0.005,2000,adam,0.95,20,gru,4,24,0.95,True
300,tanh,8,./data/,data_resource_usage_5Minutes_6176858948,"[['meanCPUUsage'], ['meanCPUUsage']]",1.0,"[64, 4]",0.005,2000,adam,0.95,20,lstm,2,24,0.95,True
301,relu,16,./data/,data_resource_usage_5Minutes_6176858948,"[['meanCPUUsage'], ['meanCPUUsage']]",1.0,"[16, 4]",0.005,2000,rmsprop,0.95,20,lstm,2,24,0.95,True
302,sigmoid,8,./data/,data_resource_usage_5Minutes_6176858948,"[['meanCPUUsage'], ['meanCPUUsage']]",1.0,"[64, 4]",0.005,2000,adam,0.95,20,lstm,2,24,0.95,True
303,sigmoid,8,./data/,data_resource_usage_5Minutes_6176858948,"[['meanCPUUsage'], ['meanCPUUsage']]",1.0,"[64, 4]",0.005,2000,rmsprop,0.95,20,gru,4,18,0.95,True
304,relu,16,./data/,data_resource_usage_5Minutes_6176858948,"[['meanCPUUsage'], ['meanCPUUsage']]",1.0,"[64, 4]",0.005,2000,adam,0.95,20,lstm,4,24,0.95,True
305,tanh,16,./data/,data_resource_usage_5Minutes_6176858948,"[['meanCPUUsage'], ['meanCPUUsage']]",1.0,"[16, 4]",0.005,2000,adam,0.95,20,gru,2,18,0.95,True
306,sigmoid,32,./data/,data_resource_usage_5Minutes_6176858948,"[['meanCPUUsage'], ['meanCPUUsage']]",1.0,"[16, 4]",0.005,2000,rmsprop,0.95,20,lstm,4,24,0.95,True
307,relu,8,./data/,data_resource_usage_5Minutes_6176858948,"[['meanCPUUsage'], ['meanCPUUsage']]",1.0,"[16, 4]",0.005,2000,rmsprop,0.95,20,lstm,4,18,0.95,True
308,tanh,32,./data/,data_resource_usage_5Minutes_6176858948,"[['meanCPUUsage'], ['meanCPUUsage']]",1.0,"[16, 4]",0.005,2000,rmsprop,0.95,20,lstm,2,18,0.95,True
309,relu,8,./data/,data_resource_usage_5Minutes_6176858948,"[['meanCPUUsage'], ['meanCPUUsage']]",1.0,"[32, 4]",0.005,2000,rmsprop,0.95,20,gru,4,18,0.95,True
310,relu,8,./data/,data_resource_usage_5Minutes_6176858948,"[['meanCPUUsage'], ['meanCPUUsage']]",1.0,"[16, 4]",0.005,2000,adam,0.95,20,gru,4,24,0.95,True
311,tanh,8,./data/,data_resource_usage_5Minutes_6176858948,"[['meanCPUUsage'], ['meanCPUUsage']]",1.0,"[64, 4]",0.005,2000,rmsprop,0.95,20,gru,2,24,0.95,True
312,relu,16,./data/,data_resource_usage_5Minutes_6176858948,"[['meanCPUUsage'], ['meanCPUUsage']]",1.0,"[16, 4]",0.005,2000,adam,0.95,20,gru,2,24,0.95,True
313,tanh,8,./data/,data_resource_usage_5Minutes_6176858948,"[['meanCPUUsage'], ['meanCPUUsage']]",1.0,"[64, 4]",0.005,2000,rmsprop,0.95,20,gru,2,18,0.95,True
314,relu,16,./data/,data_resource_usage_5Minutes_6176858948,"[['meanCPUUsage'], ['meanCPUUsage']]",1.0,"[16, 4]",0.005,2000,rmsprop,0.95,20,lstm,4,24,0.95,True
315,tanh,32,./data/,data_resource_usage_5Minutes_6176858948,"[['meanCPUUsage'], ['meanCPUUsage']]",1.0,"[16, 4]",0.005,2000,adam,0.95,20,gru,4,18,0.95,True
316,tanh,16,./data/,data_resource_usage_5Minutes_6176858948,"[['meanCPUUsage'], ['meanCPUUsage']]",1.0,"[64, 4]",0.005,2000,rmsprop,0.95,20,gru,4,18,0.95,True
317,sigmoid,32,./data/,data_resource_usage_5Minutes_6176858948,"[['meanCPUUsage'], ['meanCPUUsage']]",1.0,"[16, 4]",0.005,2000,adam,0.95,20,lstm,2,24,0.95,True
318,sigmoid,16,./data/,data_resource_usage_5Minutes_6176858948,"[['meanCPUUsage'], ['meanCPUUsage']]",1.0,"[64, 4]",0.005,2000,rmsprop,0.95,20,gru,2,18,0.95,True
319,relu,16,./data/,data_resource_usage_5Minutes_6176858948,"[['meanCPUUsage'], ['meanCPUUsage']]",1.0,"[32, 4]",0.005,2000,rmsprop,0.95,20,lstm,2,18,0.95,True
320,sigmoid,16,./data/,data_resource_usage_5Minutes_6176858948,"[['meanCPUUsage'], ['meanCPUUsage']]",1.0,"[32, 4]",0.005,2000,rmsprop,0.95,20,gru,4,18,0.95,True
321,tanh,16,./data/,data_resource_usage_5Minutes_6176858948,"[['meanCPUUsage'], ['meanCPUUsage']]",1.0,"[64, 4]",0.005,2000,adam,0.95,20,gru,4,18,0.95,True
322,tanh,32,./data/,data_resource_usage_5Minutes_6176858948,"[['meanCPUUsage'], ['meanCPUUsage']]",1.0,"[64, 4]",0.005,2000,rmsprop,0.95,20,gru,4,24,0.95,True
323,sigmoid,16,./data/,data_resource_usage_5Minutes_6176858948,"[['meanCPUUsage'], ['meanCPUUsage']]",1.0,"[16, 4]",0.005,2000,rmsprop,0.95,20,lstm,2,24,0.95,True
324,tanh,32,./data/,data_resource_usage_5Minutes_6176858948,"[['meanCPUUsage'], ['meanCPUUsage']]",1.0,"[16, 4]",0.005,2000,rmsprop,0.95,20,gru,2,24,0.95,True
325,sigmoid,16,./data/,data_resource_usage_5Minutes_6176858948,"[['meanCPUUsage'], ['meanCPUUsage']]",1.0,"[16, 4]",0.005,2000,adam,0.95,20,gru,4,18,0.95,True
326,sigmoid,32,./data/,data_resource_usage_5Minutes_6176858948,"[['meanCPUUsage'], ['meanCPUUsage']]",1.0,"[16, 4]",0.005,2000,adam,0.95,20,lstm,4,24,0.95,True
327,relu,8,./data/,data_resource_usage_5Minutes_6176858948,"[['meanCPUUsage'], ['meanCPUUsage']]",1.0,"[64, 4]",0.005,2000,rmsprop,0.95,20,gru,4,18,0.95,True
328,sigmoid,32,./data/,data_resource_usage_5Minutes_6176858948,"[['meanCPUUsage'], ['meanCPUUsage']]",1.0,"[32, 4]",0.005,2000,rmsprop,0.95,20,lstm,4,24,0.95,True
329,sigmoid,8,./data/,data_resource_usage_5Minutes_6176858948,"[['meanCPUUsage'], ['meanCPUUsage']]",1.0,"[16, 4]",0.005,2000,rmsprop,0.95,20,lstm,2,18,0.95,True
330,relu,32,./data/,data_resource_usage_5Minutes_6176858948,"[['meanCPUUsage'], ['meanCPUUsage']]",1.0,"[16, 4]",0.005,2000,rmsprop,0.95,20,gru,4,24,0.95,True
331,tanh,16,./data/,data_resource_usage_5Minutes_6176858948,"[['meanCPUUsage'], ['meanCPUUsage']]",1.0,"[32, 4]",0.005,2000,rmsprop,0.95,20,lstm,2,18,0.95,True
332,relu,16,./data/,data_resource_usage_5Minutes_6176858948,"[['meanCPUUsage'], ['meanCPUUsage']]",1.0,"[64, 4]",0.005,2000,rmsprop,0.95,20,gru,4,18,0.95,True
333,tanh,32,./data/,data_resource_usage_5Minutes_6176858948,"[['meanCPUUsage'], ['meanCPUUsage']]",1.0,"[64, 4]",0.005,2000,adam,0.95,20,gru,2,24,0.95,True
334,relu,32,./data/,data_resource_usage_5Minutes_6176858948,"[['meanCPUUsage'], ['meanCPUUsage']]",1.0,"[64, 4]",0.005,2000,adam,0.95,20,gru,4,24,0.95,True
335,tanh,16,./data/,data_resource_usage_5Minutes_6176858948,"[['meanCPUUsage'], ['meanCPUUsage']]",1.0,"[32, 4]",0.005,2000,adam,0.95,20,gru,2,24,0.95,True
336,relu,32,./data/,data_resource_usage_5Minutes_6176858948,"[['meanCPUUsage'], ['meanCPUUsage']]",1.0,"[32, 4]",0.005,2000,adam,0.95,20,lstm,2,24,0.95,True
337,relu,16,./data/,data_resource_usage_5Minutes_6176858948,"[['meanCPUUsage'], ['meanCPUUsage']]",1.0,"[32, 4]",0.005,2000,rmsprop,0.95,20,lstm,4,24,0.95,True
338,sigmoid,16,./data/,data_resource_usage_5Minutes_6176858948,"[['meanCPUUsage'], ['meanCPUUsage']]",1.0,"[64, 4]",0.005,2000,adam,0.95,20,gru,4,18,0.95,True
339,sigmoid,8,./data/,data_resource_usage_5Minutes_6176858948,"[['meanCPUUsage'], ['meanCPUUsage']]",1.0,"[64, 4]",0.005,2000,rmsprop,0.95,20,lstm,4,18,0.95,True
340,sigmoid,32,./data/,data_resource_usage_5Minutes_6176858948,"[['meanCPUUsage'], ['meanCPUUsage']]",1.0,"[64, 4]",0.005,2000,adam,0.95,20,gru,4,18,0.95,True
341,tanh,16,./data/,data_resource_usage_5Minutes_6176858948,"[['meanCPUUsage'], ['meanCPUUsage']]",1.0,"[64, 4]",0.005,2000,rmsprop,0.95,20,gru,2,18,0.95,True
342,tanh,16,./data/,data_resource_usage_5Minutes_6176858948,"[['meanCPUUsage'], ['meanCPUUsage']]",1.0,"[64, 4]",0.005,2000,adam,0.95,20,gru,2,18,0.95,True
343,sigmoid,8,./data/,data_resource_usage_5Minutes_6176858948,"[['meanCPUUsage'], ['meanCPUUsage']]",1.0,"[64, 4]",0.005,2000,rmsprop,0.95,20,gru,2,18,0.95,True
344,relu,16,./data/,data_resource_usage_5Minutes_6176858948,"[['meanCPUUsage'], ['meanCPUUsage']]",1.0,"[64, 4]",0.005,2000,rmsprop,0.95,20,gru,2,18,0.95,True
345,tanh,32,./data/,data_resource_usage_5Minutes_6176858948,"[['meanCPUUsage'], ['meanCPUUsage']]",1.0,"[16, 4]",0.005,2000,rmsprop,0.95,20,lstm,4,24,0.95,True
346,sigmoid,8,./data/,data_resource_usage_5Minutes_6176858948,"[['meanCPUUsage'], ['meanCPUUsage']]",1.0,"[64, 4]",0.005,2000,rmsprop,0.95,20,gru,2,24,0.95,True
347,relu,16,./data/,data_resource_usage_5Minutes_6176858948,"[['meanCPUUsage'], ['meanCPUUsage']]",1.0,"[16, 4]",0.005,2000,adam,0.95,20,lstm,2,18,0.95,True
348,sigmoid,16,./data/,data_resource_usage_5Minutes_6176858948,"[['meanCPUUsage'], ['meanCPUUsage']]",1.0,"[16, 4]",0.005,2000,rmsprop,0.95,20,gru,4,24,0.95,True
349,tanh,16,./data/,data_resource_usage_5Minutes_6176858948,"[['meanCPUUsage'], ['meanCPUUsage']]",1.0,"[16, 4]",0.005,2000,adam,0.95,20,gru,4,18,0.95,True
350,tanh,8,./data/,data_resource_usage_5Minutes_6176858948,"[['meanCPUUsage'], ['meanCPUUsage']]",1.0,"[64, 4]",0.005,2000,rmsprop,0.95,20,lstm,2,18,0.95,True
351,sigmoid,32,./data/,data_resource_usage_5Minutes_6176858948,"[['meanCPUUsage'], ['meanCPUUsage']]",1.0,"[64, 4]",0.005,2000,adam,0.95,20,gru,2,18,0.95,True
352,tanh,8,./data/,data_resource_usage_5Minutes_6176858948,"[['meanCPUUsage'], ['meanCPUUsage']]",1.0,"[32, 4]",0.005,2000,adam,0.95,20,lstm,2,24,0.95,True
353,tanh,8,./data/,data_resource_usage_5Minutes_6176858948,"[['meanCPUUsage'], ['meanCPUUsage']]",1.0,"[64, 4]",0.005,2000,rmsprop,0.95,20,gru,4,18,0.95,True
354,sigmoid,8,./data/,data_resource_usage_5Minutes_6176858948,"[['meanCPUUsage'], ['meanCPUUsage']]",1.0,"[32, 4]",0.005,2000,rmsprop,0.95,20,gru,2,18,0.95,True
355,sigmoid,16,./data/,data_resource_usage_5Minutes_6176858948,"[['meanCPUUsage'], ['meanCPUUsage']]",1.0,"[16, 4]",0.005,2000,adam,0.95,20,lstm,4,18,0.95,True
356,relu,8,./data/,data_resource_usage_5Minutes_6176858948,"[['meanCPUUsage'], ['meanCPUUsage']]",1.0,"[32, 4]",0.005,2000,rmsprop,0.95,20,gru,2,24,0.95,True
357,sigmoid,16,./data/,data_resource_usage_5Minutes_6176858948,"[['meanCPUUsage'], ['meanCPUUsage']]",1.0,"[32, 4]",0.005,2000,adam,0.95,20,lstm,4,24,0.95,True
358,relu,8,./data/,data_resource_usage_5Minutes_6176858948,"[['meanCPUUsage'], ['meanCPUUsage']]",1.0,"[64, 4]",0.005,2000,adam,0.95,20,lstm,4,18,0.95,True
359,sigmoid,32,./data/,data_resource_usage_5Minutes_6176858948,"[['meanCPUUsage'], ['meanCPUUsage']]",1.0,"[16, 4]",0.005,2000,adam,0.95,20,lstm,2,18,0.95,True
360,sigmoid,32,./data/,data_resource_usage_5Minutes_6176858948,"[['meanCPUUsage'], ['meanCPUUsage']]",1.0,"[32, 4]",0.005,2000,adam,0.95,20,gru,2,18,0.95,True
361,sigmoid,16,./data/,data_resource_usage_5Minutes_6176858948,"[['meanCPUUsage'], ['meanCPUUsage']]",1.0,"[64, 4]",0.005,2000,rmsprop,0.95,20,gru,4,18,0.95,True
362,relu,16,./data/,data_resource_usage_5Minutes_6176858948,"[['meanCPUUsage'], ['meanCPUUsage']]",1.0,"[64, 4]",0.005,2000,adam,0.95,20,gru,4,18,0.95,True
363,tanh,16,./data/,data_resource_usage_5Minutes_6176858948,"[['meanCPUUsage'], ['meanCPUUsage']]",1.0,"[32, 4]",0.005,2000,rmsprop,0.95,20,lstm,4,24,0.95,True
364,sigmoid,32,./data/,data_resource_usage_5Minutes_6176858948,"[['meanCPUUsage'], ['meanCPUUsage']]",1.0,"[32, 4]",0.005,2000,rmsprop,0.95,20,gru,2,18,0.95,True
365,tanh,16,./data/,data_resource_usage_5Minutes_6176858948,"[['meanCPUUsage'], ['meanCPUUsage']]",1.0,"[32, 4]",0.005,2000,rmsprop,0.95,20,gru,4,18,0.95,True
366,tanh,8,./data/,data_resource_usage_5Minutes_6176858948,"[['meanCPUUsage'], ['meanCPUUsage']]",1.0,"[64, 4]",0.005,2000,rmsprop,0.95,20,lstm,4,24,0.95,True
367,relu,32,./data/,data_resource_usage_5Minutes_6176858948,"[['meanCPUUsage'], ['meanCPUUsage']]",1.0,"[16, 4]",0.005,2000,rmsprop,0.95,20,lstm,2,24,0.95,True
368,tanh,8,./data/,data_resource_usage_5Minutes_6176858948,"[['meanCPUUsage'], ['meanCPUUsage']]",1.0,"[32, 4]",0.005,2000,adam,0.95,20,gru,4,24,0.95,True
369,sigmoid,8,./data/,data_resource_usage_5Minutes_6176858948,"[['meanCPUUsage'], ['meanCPUUsage']]",1.0,"[16, 4]",0.005,2000,rmsprop,0.95,20,gru,2,18,0.95,True
370,relu,32,./data/,data_resource_usage_5Minutes_6176858948,"[['meanCPUUsage'], ['meanCPUUsage']]",1.0,"[64, 4]",0.005,2000,adam,0.95,20,lstm,4,24,0.95,True
371,relu,8,./data/,data_resource_usage_5Minutes_6176858948,"[['meanCPUUsage'], ['meanCPUUsage']]",1.0,"[16, 4]",0.005,2000,rmsprop,0.95,20,gru,2,18,0.95,True
372,sigmoid,8,./data/,data_resource_usage_5Minutes_6176858948,"[['meanCPUUsage'], ['meanCPUUsage']]",1.0,"[64, 4]",0.005,2000,adam,0.95,20,lstm,2,18,0.95,True
373,sigmoid,16,./data/,data_resource_usage_5Minutes_6176858948,"[['meanCPUUsage'], ['meanCPUUsage']]",1.0,"[32, 4]",0.005,2000,rmsprop,0.95,20,lstm,2,18,0.95,True
374,relu,16,./data/,data_resource_usage_5Minutes_6176858948,"[['meanCPUUsage'], ['meanCPUUsage']]",1.0,"[32, 4]",0.005,2000,rmsprop,0.95,20,lstm,4,18,0.95,True
375,sigmoid,32,./data/,data_resource_usage_5Minutes_6176858948,"[['meanCPUUsage'], ['meanCPUUsage']]",1.0,"[32, 4]",0.005,2000,adam,0.95,20,lstm,2,18,0.95,True
376,sigmoid,32,./data/,data_resource_usage_5Minutes_6176858948,"[['meanCPUUsage'], ['meanCPUUsage']]",1.0,"[16, 4]",0.005,2000,rmsprop,0.95,20,gru,4,18,0.95,True
377,tanh,16,./data/,data_resource_usage_5Minutes_6176858948,"[['meanCPUUsage'], ['meanCPUUsage']]",1.0,"[64, 4]",0.005,2000,rmsprop,0.95,20,lstm,4,18,0.95,True
378,tanh,16,./data/,data_resource_usage_5Minutes_6176858948,"[['meanCPUUsage'], ['meanCPUUsage']]",1.0,"[32, 4]",0.005,2000,rmsprop,0.95,20,gru,2,24,0.95,True
379,sigmoid,16,./data/,data_resource_usage_5Minutes_6176858948,"[['meanCPUUsage'], ['meanCPUUsage']]",1.0,"[64, 4]",0.005,2000,rmsprop,0.95,20,lstm,2,18,0.95,True
380,relu,16,./data/,data_resource_usage_5Minutes_6176858948,"[['meanCPUUsage'], ['meanCPUUsage']]",1.0,"[16, 4]",0.005,2000,rmsprop,0.95,20,lstm,2,18,0.95,True
381,relu,8,./data/,data_resource_usage_5Minutes_6176858948,"[['meanCPUUsage'], ['meanCPUUsage']]",1.0,"[16, 4]",0.005,2000,adam,0.95,20,gru,2,24,0.95,True
382,tanh,16,./data/,data_resource_usage_5Minutes_6176858948,"[['meanCPUUsage'], ['meanCPUUsage']]",1.0,"[16, 4]",0.005,2000,adam,0.95,20,lstm,2,18,0.95,True
383,sigmoid,16,./data/,data_resource_usage_5Minutes_6176858948,"[['meanCPUUsage'], ['meanCPUUsage']]",1.0,"[16, 4]",0.005,2000,rmsprop,0.95,20,lstm,4,18,0.95,True
384,relu,32,./data/,data_resource_usage_5Minutes_6176858948,"[['meanCPUUsage'], ['meanCPUUsage']]",1.0,"[32, 4]",0.005,2000,rmsprop,0.95,20,gru,4,18,0.95,True
385,sigmoid,32,./data/,data_resource_usage_5Minutes_6176858948,"[['meanCPUUsage'], ['meanCPUUsage']]",1.0,"[32, 4]",0.005,2000,rmsprop,0.95,20,lstm,2,18,0.95,True
386,sigmoid,16,./data/,data_resource_usage_5Minutes_6176858948,"[['meanCPUUsage'], ['meanCPUUsage']]",1.0,"[32, 4]",0.005,2000,rmsprop,0.95,20,lstm,4,24,0.95,True
387,tanh,16,./data/,data_resource_usage_5Minutes_6176858948,"[['meanCPUUsage'], ['meanCPUUsage']]",1.0,"[64, 4]",0.005,2000,adam,0.95,20,gru,2,24,0.95,True
388,relu,8,./data/,data_resource_usage_5Minutes_6176858948,"[['meanCPUUsage'], ['meanCPUUsage']]",1.0,"[16, 4]",0.005,2000,rmsprop,0.95,20,gru,2,24,0.95,True
389,sigmoid,16,./data/,data_resource_usage_5Minutes_6176858948,"[['meanCPUUsage'], ['meanCPUUsage']]",1.0,"[32, 4]",0.005,2000,adam,0.95,20,gru,4,24,0.95,True
390,tanh,8,./data/,data_resource_usage_5Minutes_6176858948,"[['meanCPUUsage'], ['meanCPUUsage']]",1.0,"[32, 4]",0.005,2000,rmsprop,0.95,20,gru,4,24,0.95,True
391,relu,32,./data/,data_resource_usage_5Minutes_6176858948,"[['meanCPUUsage'], ['meanCPUUsage']]",1.0,"[16, 4]",0.005,2000,adam,0.95,20,gru,4,24,0.95,True
392,relu,8,./data/,data_resource_usage_5Minutes_6176858948,"[['meanCPUUsage'], ['meanCPUUsage']]",1.0,"[64, 4]",0.005,2000,adam,0.95,20,lstm,4,24,0.95,True
393,relu,32,./data/,data_resource_usage_5Minutes_6176858948,"[['meanCPUUsage'], ['meanCPUUsage']]",1.0,"[16, 4]",0.005,2000,rmsprop,0.95,20,lstm,4,24,0.95,True
394,relu,8,./data/,data_resource_usage_5Minutes_6176858948,"[['meanCPUUsage'], ['meanCPUUsage']]",1.0,"[32, 4]",0.005,2000,rmsprop,0.95,20,gru,2,18,0.95,True
395,sigmoid,32,./data/,data_resource_usage_5Minutes_6176858948,"[['meanCPUUsage'], ['meanCPUUsage']]",1.0,"[64, 4]",0.005,2000,rmsprop,0.95,20,gru,4,24,0.95,True
396,sigmoid,32,./data/,data_resource_usage_5Minutes_6176858948,"[['meanCPUUsage'], ['meanCPUUsage']]",1.0,"[16, 4]",0.005,2000,adam,0.95,20,gru,2,24,0.95,True
397,sigmoid,16,./data/,data_resource_usage_5Minutes_6176858948,"[['meanCPUUsage'], ['meanCPUUsage']]",1.0,"[16, 4]",0.005,2000,rmsprop,0.95,20,lstm,2,18,0.95,True
398,sigmoid,16,./data/,data_resource_usage_5Minutes_6176858948,"[['meanCPUUsage'], ['meanCPUUsage']]",1.0,"[32, 4]",0.005,2000,adam,0.95,20,gru,2,24,0.95,True
399,sigmoid,8,./data/,data_resource_usage_5Minutes_6176858948,"[['meanCPUUsage'], ['meanCPUUsage']]",1.0,"[16, 4]",0.005,2000,adam,0.95,20,lstm,2,24,0.95,True
400,sigmoid,32,./data/,data_resource_usage_5Minutes_6176858948,"[['meanCPUUsage'], ['meanCPUUsage']]",1.0,"[16, 4]",0.005,2000,adam,0.95,20,lstm,4,18,0.95,True
401,relu,16,./data/,data_resource_usage_5Minutes_6176858948,"[['meanCPUUsage'], ['meanCPUUsage']]",1.0,"[32, 4]",0.005,2000,rmsprop,0.95,20,lstm,2,24,0.95,True
402,relu,16,./data/,data_resource_usage_5Minutes_6176858948,"[['meanCPUUsage'], ['meanCPUUsage']]",1.0,"[16, 4]",0.005,2000,adam,0.95,20,lstm,4,24,0.95,True
403,relu,32,./data/,data_resource_usage_5Minutes_6176858948,"[['meanCPUUsage'], ['meanCPUUsage']]",1.0,"[64, 4]",0.005,2000,rmsprop,0.95,20,gru,2,18,0.95,True
404,tanh,16,./data/,data_resource_usage_5Minutes_6176858948,"[['meanCPUUsage'], ['meanCPUUsage']]",1.0,"[16, 4]",0.005,2000,adam,0.95,20,lstm,4,18,0.95,True
405,tanh,8,./data/,data_resource_usage_5Minutes_6176858948,"[['meanCPUUsage'], ['meanCPUUsage']]",1.0,"[64, 4]",0.005,2000,adam,0.95,20,gru,4,24,0.95,True
406,relu,16,./data/,data_resource_usage_5Minutes_6176858948,"[['meanCPUUsage'], ['meanCPUUsage']]",1.0,"[64, 4]",0.005,2000,rmsprop,0.95,20,gru,4,24,0.95,True
407,sigmoid,16,./data/,data_resource_usage_5Minutes_6176858948,"[['meanCPUUsage'], ['meanCPUUsage']]",1.0,"[64, 4]",0.005,2000,rmsprop,0.95,20,lstm,4,18,0.95,True
408,relu,16,./data/,data_resource_usage_5Minutes_6176858948,"[['meanCPUUsage'], ['meanCPUUsage']]",1.0,"[16, 4]",0.005,2000,rmsprop,0.95,20,gru,2,24,0.95,True
409,tanh,16,./data/,data_resource_usage_5Minutes_6176858948,"[['meanCPUUsage'], ['meanCPUUsage']]",1.0,"[64, 4]",0.005,2000,adam,0.95,20,lstm,4,24,0.95,True
410,tanh,8,./data/,data_resource_usage_5Minutes_6176858948,"[['meanCPUUsage'], ['meanCPUUsage']]",1.0,"[16, 4]",0.005,2000,rmsprop,0.95,20,lstm,2,24,0.95,True
411,tanh,16,./data/,data_resource_usage_5Minutes_6176858948,"[['meanCPUUsage'], ['meanCPUUsage']]",1.0,"[32, 4]",0.005,2000,rmsprop,0.95,20,gru,2,18,0.95,True
412,relu,8,./data/,data_resource_usage_5Minutes_6176858948,"[['meanCPUUsage'], ['meanCPUUsage']]",1.0,"[64, 4]",0.005,2000,rmsprop,0.95,20,gru,2,18,0.95,True
413,sigmoid,32,./data/,data_resource_usage_5Minutes_6176858948,"[['meanCPUUsage'], ['meanCPUUsage']]",1.0,"[64, 4]",0.005,2000,rmsprop,0.95,20,lstm,4,18,0.95,True
414,relu,8,./data/,data_resource_usage_5Minutes_6176858948,"[['meanCPUUsage'], ['meanCPUUsage']]",1.0,"[16, 4]",0.005,2000,rmsprop,0.95,20,lstm,4,24,0.95,True
415,relu,32,./data/,data_resource_usage_5Minutes_6176858948,"[['meanCPUUsage'], ['meanCPUUsage']]",1.0,"[32, 4]",0.005,2000,adam,0.95,20,gru,2,18,0.95,True
416,relu,16,./data/,data_resource_usage_5Minutes_6176858948,"[['meanCPUUsage'], ['meanCPUUsage']]",1.0,"[64, 4]",0.005,2000,adam,0.95,20,gru,4,24,0.95,True
417,relu,32,./data/,data_resource_usage_5Minutes_6176858948,"[['meanCPUUsage'], ['meanCPUUsage']]",1.0,"[32, 4]",0.005,2000,adam,0.95,20,gru,4,18,0.95,True
418,tanh,32,./data/,data_resource_usage_5Minutes_6176858948,"[['meanCPUUsage'], ['meanCPUUsage']]",1.0,"[32, 4]",0.005,2000,rmsprop,0.95,20,gru,2,18,0.95,True
419,sigmoid,8,./data/,data_resource_usage_5Minutes_6176858948,"[['meanCPUUsage'], ['meanCPUUsage']]",1.0,"[32, 4]",0.005,2000,adam,0.95,20,lstm,4,18,0.95,True
420,sigmoid,32,./data/,data_resource_usage_5Minutes_6176858948,"[['meanCPUUsage'], ['meanCPUUsage']]",1.0,"[32, 4]",0.005,2000,adam,0.95,20,gru,4,24,0.95,True
421,tanh,16,./data/,data_resource_usage_5Minutes_6176858948,"[['meanCPUUsage'], ['meanCPUUsage']]",1.0,"[64, 4]",0.005,2000,rmsprop,0.95,20,lstm,4,24,0.95,True
422,tanh,8,./data/,data_resource_usage_5Minutes_6176858948,"[['meanCPUUsage'], ['meanCPUUsage']]",1.0,"[16, 4]",0.005,2000,adam,0.95,20,lstm,4,18,0.95,True
423,tanh,8,./data/,data_resource_usage_5Minutes_6176858948,"[['meanCPUUsage'], ['meanCPUUsage']]",1.0,"[64, 4]",0.005,2000,adam,0.95,20,gru,2,24,0.95,True
424,relu,8,./data/,data_resource_usage_5Minutes_6176858948,"[['meanCPUUsage'], ['meanCPUUsage']]",1.0,"[32, 4]",0.005,2000,rmsprop,0.95,20,lstm,4,24,0.95,True
425,sigmoid,16,./data/,data_resource_usage_5Minutes_6176858948,"[['meanCPUUsage'], ['meanCPUUsage']]",1.0,"[64, 4]",0.005,2000,rmsprop,0.95,20,gru,2,24,0.95,True
426,relu,32,./data/,data_resource_usage_5Minutes_6176858948,"[['meanCPUUsage'], ['meanCPUUsage']]",1.0,"[64, 4]",0.005,2000,rmsprop,0.95,20,lstm,4,24,0.95,True
427,tanh,8,./data/,data_resource_usage_5Minutes_6176858948,"[['meanCPUUsage'], ['meanCPUUsage']]",1.0,"[32, 4]",0.005,2000,rmsprop,0.95,20,gru,4,18,0.95,True
428,tanh,8,./data/,data_resource_usage_5Minutes_6176858948,"[['meanCPUUsage'], ['meanCPUUsage']]",1.0,"[32, 4]",0.005,2000,rmsprop,0.95,20,gru,2,18,0.95,True
429,tanh,16,./data/,data_resource_usage_5Minutes_6176858948,"[['meanCPUUsage'], ['meanCPUUsage']]",1.0,"[16, 4]",0.005,2000,rmsprop,0.95,20,lstm,4,18,0.95,True
430,sigmoid,32,./data/,data_resource_usage_5Minutes_6176858948,"[['meanCPUUsage'], ['meanCPUUsage']]",1.0,"[32, 4]",0.005,2000,rmsprop,0.95,20,lstm,4,18,0.95,True
431,tanh,16,./data/,data_resource_usage_5Minutes_6176858948,"[['meanCPUUsage'], ['meanCPUUsage']]",1.0,"[16, 4]",0.005,2000,adam,0.95,20,gru,4,24,0.95,True
